{"1": 0.5616272989600212, "2": 1.6855105613676067, "3": 1.286223874285203, "0": 0.22402544929103946}