{"1": 0.8204099770968881, "0": 1.0027163651824753}