{"7": 4473.884209309845, "1": 0.7207696110628222, "3": 35.51252166585281, "6": 2073.4564780037695, "5": 809.6584373964632, "10": 18971.48869363429, "8": 4012.013662043523, "11": 13209.777312604612, "9": 7794.7054780759145, "12": 22091.244612143033, "2": 5.35669450048162, "4": 184.2919959325034}