{"3": 1.0373042543507103, "0": 0.3767494539276757}