{"[1, 0, 0, 0]": 0.19899167289391376, "[1, 1, 0, 0]": 1.5576495404736566, "[2, 1, 0, 0]": 7.814442989070795, "[3, 1, 0, 0]": 32.61812878843653, "[4, 1, 0, 0]": 162.91045138660166, "[5, 1, 0, 0]": 198.41657540675845, "[6, 1, 0, 0]": 1904.7991239048813, "[7, 1, 0, 0]": 52.91108677513559, "[8, 1, 0, 0]": 476.1997809762203, "[9, 1, 0, 0]": 740.7552148518981, "[10, 1, 0, 0]": 22.67618004648668, "[11, 1, 0, 0]": 158.73326032540677, "[12, 1, 0, 0]": 79.36663016270339, "[13, 1, 0, 0]": 4127.0647684605765, "[14, 1, 0, 0]": 1746.0658635794746}