{"[3, 0, 0, 0]": 7.889759194369054, "[7, 1, 0, 0]": 53.61642807356174, "[4, 1, 0, 0]": 165.08216012122955, "[2, 1, 0, 0]": 7.918614906533252, "[2, 0, 0, 0]": 0.8831038648058034, "[5, 1, 0, 0]": 201.0616052758565, "[1, 0, 0, 0]": 0.2016443692093662, "[1, 1, 0, 0]": 1.578414083716546, "[4, 0, 0, 0]": 49.49208745251853, "[8, 1, 0, 0]": 482.5478526620557, "[6, 1, 0, 0]": 1930.1914106482227, "[3, 1, 0, 0]": 33.052950953583945}