{"['20794400', '20794055', 'LEJOLY', 'J']": 0.9999864832550848, "['20794400', '20793619', 'LEJOLY', 'J']": 0.9988066517708135, "['20794400', '20794150', 'LEJOLY', 'J']": 0.9999982030165264, "['20794400', '20794199', 'LEJOLY', 'J']": 0.999998210561436, "['20794400', '20792640', 'LEJOLY', 'J']": 0.9999867932049941, "['20794400', '20793618', 'LEJOLY', 'J']": 0.9988066517708135, "['20794400', '20794094', 'LEJOLY', 'J']": 0.9999982030165264, "['20794400', '20794157', 'LEJOLY', 'J']": 0.9999867932049941, "['20794400', '20793877', 'LEJOLY', 'J']": 0.9999867932049941, "['20794055', '20793619', 'LEJOLY', 'J']": 0.9988043319997962, "['20794055', '20794150', 'LEJOLY', 'J']": 0.9999867932077134, "['20794055', '20794199', 'LEJOLY', 'J']": 0.9999864832550848, "['20794055', '20792640', 'LEJOLY', 'J']": 0.9999867932077134, "['20794055', '20793618', 'LEJOLY', 'J']": 0.9988043319997962, "['20794055', '20794094', 'LEJOLY', 'J']": 0.9999867932077134, "['20794055', '20794157', 'LEJOLY', 'J']": 0.9999867932077134, "['20794055', '20793877', 'LEJOLY', 'J']": 0.9999867931597453, "['20793619', '20794150', 'LEJOLY', 'J']": 0.9994670000597853, "['20793619', '20794199', 'LEJOLY', 'J']": 0.9994602313673945, "['20793619', '20792640', 'LEJOLY', 'J']": 0.9988043319997962, "['20793619', '20793618', 'LEJOLY', 'J']": 0.9999993806974335, "['20793619', '20794094', 'LEJOLY', 'J']": 0.9988075546947841, "['20793619', '20794157', 'LEJOLY', 'J']": 0.9988075546947841, "['20793619', '20793877', 'LEJOLY', 'J']": 0.9988043363374203, "['20794150', '20794199', 'LEJOLY', 'J']": 0.9999957655895806, "['20794150', '20792640', 'LEJOLY', 'J']": 0.9999867932077134, "['20794150', '20793618', 'LEJOLY', 'J']": 0.9994670000597853, "['20794150', '20794094', 'LEJOLY', 'J']": 0.999998210561436, "['20794150', '20794157', 'LEJOLY', 'J']": 0.9999868287982917, "['20794150', '20793877', 'LEJOLY', 'J']": 0.9999867932077134, "['20794199', '20792640', 'LEJOLY', 'J']": 0.9999864832550848, "['20794199', '20793618', 'LEJOLY', 'J']": 0.9994602313673945, "['20794199', '20794094', 'LEJOLY', 'J']": 0.9999940418146595, "['20794199', '20794157', 'LEJOLY', 'J']": 0.9999867932049941, "['20794199', '20793877', 'LEJOLY', 'J']": 0.9999867932049941, "['20792640', '20793618', 'LEJOLY', 'J']": 0.9988043319997962, "['20792640', '20794094', 'LEJOLY', 'J']": 0.9999867932077134, "['20792640', '20794157', 'LEJOLY', 'J']": 0.9999867932077134, "['20792640', '20793877', 'LEJOLY', 'J']": 0.9999867931597453, "['20793618', '20794094', 'LEJOLY', 'J']": 0.9988075546947841, "['20793618', '20794157', 'LEJOLY', 'J']": 0.9988075546947841, "['20793618', '20793877', 'LEJOLY', 'J']": 0.9988043363374203, "['20794094', '20794157', 'LEJOLY', 'J']": 0.9999941165696395, "['20794094', '20793877', 'LEJOLY', 'J']": 0.9999868287982917, "['20794157', '20793877', 'LEJOLY', 'J']": 0.9999867931597453}