{"['10.2307/2395052', '10.2307/2398785', 'Spellman', 'D']": 0.99999745763064, "['10.2307/2395052', '10.2307/2395098', 'Spellman', 'D']": 0.9999845093977398, "['10.2307/2395052', '10.2307/2395238', 'Spellman', 'D']": 0.9999974644820657, "['10.2307/2395052', '2805300', 'Spellman', 'D']": 0.9999974576301164, "['10.2307/2395052', '4032663', 'Spellman', 'D']": 0.9984267149995822, "['10.2307/2395052', '41759616', 'Spellman', 'D']": 0.9984267149995822, "['10.2307/2395052', '41966519', 'Spellman', 'D']": 0.9929917189053015, "['10.2307/2395052', '23311812', 'Spellman', 'D']": 0.9999973979626562, "['10.2307/2395052', '23311007', 'Spellman', 'D']": 0.9999973979626562, "['10.2307/2398785', '10.2307/2395098', 'Spellman', 'D']": 0.9999974644820657, "['10.2307/2398785', '10.2307/2395238', 'Spellman', 'D']": 0.9999974644820657, "['10.2307/2398785', '2805300', 'Spellman', 'D']": 0.9999973979626562, "['10.2307/2398785', '4032663', 'Spellman', 'D']": 0.9984267149995822, "['10.2307/2398785', '41759616', 'Spellman', 'D']": 0.9984267257489632, "['10.2307/2398785', '41966519', 'Spellman', 'D']": 0.9929917189053015, "['10.2307/2398785', '23311812', 'Spellman', 'D']": 0.9999973979626562, "['10.2307/2398785', '23311007', 'Spellman', 'D']": 0.9999973979626562, "['10.2307/2395098', '10.2307/2395238', 'Spellman', 'D']": 0.9999974644820657, "['10.2307/2395098', '2805300', 'Spellman', 'D']": 0.9999612743941736, "['10.2307/2395098', '4032663', 'Spellman', 'D']": 0.9695666577419122, "['10.2307/2395098', '41759616', 'Spellman', 'D']": 0.9800940237174987, "['10.2307/2395098', '41966519', 'Spellman', 'D']": 0.7771890663383695, "['10.2307/2395098', '23311812', 'Spellman', 'D']": 0.9999974417157648, "['10.2307/2395098', '23311007', 'Spellman', 'D']": 0.9999957486468366, "['10.2307/2395238', '2805300', 'Spellman', 'D']": 0.9999973979626562, "['10.2307/2395238', '4032663', 'Spellman', 'D']": 0.9984267149995822, "['10.2307/2395238', '41759616', 'Spellman', 'D']": 0.998422480184362, "['10.2307/2395238', '41966519', 'Spellman', 'D']": 0.9929917189053015, "['10.2307/2395238', '23311812', 'Spellman', 'D']": 0.9999973979626562, "['10.2307/2395238', '23311007', 'Spellman', 'D']": 0.9999973979626562, "['2805300', '4032663', 'Spellman', 'D']": 0.9983898505709892, "['2805300', '41759616', 'Spellman', 'D']": 0.9983898505709892, "['2805300', '41966519', 'Spellman', 'D']": 0.9928284191027041, "['2805300', '23311812', 'Spellman', 'D']": 0.9999973979626562, "['2805300', '23311007', 'Spellman', 'D']": 0.9999973979626562, "['4032663', '41759616', 'Spellman', 'D']": 0.9998234885198848, "['4032663', '41966519', 'Spellman', 'D']": 0.9996060971684038, "['4032663', '23311812', 'Spellman', 'D']": 0.9983898505709892, "['4032663', '23311007', 'Spellman', 'D']": 0.9983898505709892, "['41759616', '41966519', 'Spellman', 'D']": 0.9996060971684038, "['41759616', '23311812', 'Spellman', 'D']": 0.9983898505709892, "['41759616', '23311007', 'Spellman', 'D']": 0.9765595923981464, "['41966519', '23311812', 'Spellman', 'D']": 0.9928284191027041, "['41966519', '23311007', 'Spellman', 'D']": 0.9928284191027041, "['23311812', '23311007', 'Spellman', 'D']": 0.9999974644820657}