{"['42801295', '42801337', 'WRIGHT', 'S']": 0.9895063757708892, "['42801295', '42795864', 'WRIGHT', 'S']": 0.9999799491880089, "['42801295', '23686472', 'WRIGHT', 'S']": 0.9998828091602748, "['42801295', '23689187', 'WRIGHT', 'S']": 0.9998828091602748, "['42801295', '23688669', 'WRIGHT', 'S']": 0.9998828091602748, "['42801295', '23686812', 'WRIGHT', 'S']": 0.9998828091602748, "['42801295', '42936115', 'WRIGHT', 'S']": 0.9995337921873664, "['42801295', '42934894', 'WRIGHT', 'S']": 0.9998828091602748, "['42801295', '42937770', 'WRIGHT', 'S']": 0.9995337921873664, "['42801295', '42933948', 'WRIGHT', 'S']": 0.9892627786056871, "['42801295', '24053674', 'WRIGHT', 'S']": 0.9892627786056871, "['42801337', '42795864', 'WRIGHT', 'S']": 0.9895267467677649, "['42801337', '23686472', 'WRIGHT', 'S']": 0.9892627786056871, "['42801337', '23689187', 'WRIGHT', 'S']": 0.9892627786056871, "['42801337', '23688669', 'WRIGHT', 'S']": 0.9892627786056871, "['42801337', '23686812', 'WRIGHT', 'S']": 0.9892627786056871, "['42801337', '42936115', 'WRIGHT', 'S']": 0.9917153383619054, "['42801337', '42934894', 'WRIGHT', 'S']": 0.9892627786056871, "['42801337', '42937770', 'WRIGHT', 'S']": 0.9917153383619054, "['42801337', '42933948', 'WRIGHT', 'S']": 0.9794275565858052, "['42801337', '24053674', 'WRIGHT', 'S']": 0.9794275565858052, "['42795864', '23686472', 'WRIGHT', 'S']": 0.9998828091602748, "['42795864', '23689187', 'WRIGHT', 'S']": 0.9998828091602748, "['42795864', '23688669', 'WRIGHT', 'S']": 0.9998828091602748, "['42795864', '23686812', 'WRIGHT', 'S']": 0.9998828091602748, "['42795864', '42936115', 'WRIGHT', 'S']": 0.9995337921873664, "['42795864', '42934894', 'WRIGHT', 'S']": 0.9998828091602748, "['42795864', '42937770', 'WRIGHT', 'S']": 0.9995337921873664, "['42795864', '42933948', 'WRIGHT', 'S']": 0.9892627786056871, "['42795864', '24053674', 'WRIGHT', 'S']": 0.9892627786056871, "['23686472', '23689187', 'WRIGHT', 'S']": 0.9999798949350347, "['23686472', '23688669', 'WRIGHT', 'S']": 0.9999798949350347, "['23686472', '23686812', 'WRIGHT', 'S']": 0.999993571780051, "['23686472', '42936115', 'WRIGHT', 'S']": 0.9995444779814894, "['23686472', '42934894', 'WRIGHT', 'S']": 0.9998835748752684, "['23686472', '42937770', 'WRIGHT', 'S']": 0.9995444779814894, "['23686472', '42933948', 'WRIGHT', 'S']": 0.9892627786056871, "['23686472', '24053674', 'WRIGHT', 'S']": 0.9892627786056871, "['23689187', '23688669', 'WRIGHT', 'S']": 0.9999799491880089, "['23689187', '23686812', 'WRIGHT', 'S']": 0.9999798950080574, "['23689187', '42936115', 'WRIGHT', 'S']": 0.9995444779814894, "['23689187', '42934894', 'WRIGHT', 'S']": 0.9998828091602748, "['23689187', '42937770', 'WRIGHT', 'S']": 0.9995337921873664, "['23689187', '42933948', 'WRIGHT', 'S']": 0.9892627786056871, "['23689187', '24053674', 'WRIGHT', 'S']": 0.9892627786056871, "['23688669', '23686812', 'WRIGHT', 'S']": 0.9999799491880089, "['23688669', '42936115', 'WRIGHT', 'S']": 0.9995444779814894, "['23688669', '42934894', 'WRIGHT', 'S']": 0.9998835748752684, "['23688669', '42937770', 'WRIGHT', 'S']": 0.9995337921873664, "['23688669', '42933948', 'WRIGHT', 'S']": 0.9892627786056871, "['23688669', '24053674', 'WRIGHT', 'S']": 0.9892627786056871, "['23686812', '42936115', 'WRIGHT', 'S']": 0.9995444810973021, "['23686812', '42934894', 'WRIGHT', 'S']": 0.9998835749803808, "['23686812', '42937770', 'WRIGHT', 'S']": 0.9995444779814894, "['23686812', '42933948', 'WRIGHT', 'S']": 0.9892627786056871, "['23686812', '24053674', 'WRIGHT', 'S']": 0.9892627786056871, "['42936115', '42934894', 'WRIGHT', 'S']": 0.9995444780752439, "['42936115', '42937770', 'WRIGHT', 'S']": 0.9999977706818582, "['42936115', '42933948', 'WRIGHT', 'S']": 0.9919037492655788, "['42936115', '24053674', 'WRIGHT', 'S']": 0.9917153383619054, "['42934894', '42937770', 'WRIGHT', 'S']": 0.9995444764214786, "['42934894', '42933948', 'WRIGHT', 'S']": 0.9981809316812754, "['42934894', '24053674', 'WRIGHT', 'S']": 0.9892627786056871, "['42937770', '42933948', 'WRIGHT', 'S']": 0.9919037492655788, "['42937770', '24053674', 'WRIGHT', 'S']": 0.9917153383619054, "['42933948', '24053674', 'WRIGHT', 'S']": 0.9794275565858052}