{"['4123687', '4123686', 'Reich', 'A']": 0.9999990699213377, "['4123687', '4543467', 'Reich', 'A']": 0.999410355563712, "['4123687', '4223801', 'Reich', 'A']": 0.9999990743705683, "['4123686', '4543467', 'Reich', 'A']": 0.999410355563712, "['4123686', '4223801', 'Reich', 'A']": 0.9999990480928767, "['4543467', '4223801', 'Reich', 'A']": 0.9994238729171421}