{"['10.2307/1591992', '4493174', 'Lamichhane', 'C']": 0.9999955813092364, "['10.2307/1591992', '10.2307/1591773', 'Lamichhane', 'C']": 0.9988189409440366, "['10.2307/1591992', '10.2307/1591215', 'Lamichhane', 'C']": 0.9988189409440366, "['10.2307/1591992', '10.2307/1591742', 'Lamichhane', 'C']": 0.9987974755497971, "['10.2307/1591992', '3298847', 'Lamichhane', 'C']": 0.9988189409440366, "['10.2307/1591992', '40601138', 'Lamichhane', 'C']": 0.9999955845708998, "['4493174', '10.2307/1591773', 'Lamichhane', 'C']": 0.9972634106805807, "['4493174', '10.2307/1591215', 'Lamichhane', 'C']": 0.9972634106805807, "['4493174', '10.2307/1591742', 'Lamichhane', 'C']": 0.9972634205930168, "['4493174', '3298847', 'Lamichhane', 'C']": 0.9972707752862634, "['4493174', '40601138', 'Lamichhane', 'C']": 0.999998661389544, "['10.2307/1591773', '10.2307/1591215', 'Lamichhane', 'C']": 0.9999867173361405, "['10.2307/1591773', '10.2307/1591742', 'Lamichhane', 'C']": 0.9999869547126291, "['10.2307/1591773', '3298847', 'Lamichhane', 'C']": 0.9999941728145895, "['10.2307/1591773', '40601138', 'Lamichhane', 'C']": 0.9972707752862634, "['10.2307/1591215', '10.2307/1591742', 'Lamichhane', 'C']": 0.9999940638759022, "['10.2307/1591215', '3298847', 'Lamichhane', 'C']": 0.9999869194622859, "['10.2307/1591215', '40601138', 'Lamichhane', 'C']": 0.9972634205930168, "['10.2307/1591742', '3298847', 'Lamichhane', 'C']": 0.9999869547126291, "['10.2307/1591742', '40601138', 'Lamichhane', 'C']": 0.9972707752862634, "['3298847', '40601138', 'Lamichhane', 'C']": 0.9991234066263337}