{"['10.2307/1547525', '40732302', 'Cubas', 'P']": 0.9999968411384035, "['10.2307/1547525', '4125536', 'Cubas', 'P']": 0.9999969081353, "['10.2307/1547525', '27733396', 'Cubas', 'P']": 0.9999969081353, "['10.2307/1547525', '41149191', 'Cubas', 'P']": 0.9962253711425908, "['10.2307/1547525', '23483152', 'Cubas', 'P']": 0.9962253711425908, "['10.2307/1547525', '23483274', 'Cubas', 'P']": 0.9980459580647966, "['10.2307/1547525', '20076946', 'Cubas', 'P']": 0.9962253711425908, "['10.2307/1547525', '43190393', 'Cubas', 'P']": 0.9962253711425908, "['10.2307/1547525', '10.2307/3871421', 'Cubas', 'P']": 0.9962253711425908, "['10.2307/1547525', '23645287', 'Cubas', 'P']": 0.9980459580647966, "['10.2307/1547525', '4280310', 'Cubas', 'P']": 0.9962253711425908, "['10.2307/1547525', '4280638', 'Cubas', 'P']": 0.9962253711425908, "['10.2307/1547525', '4356508', 'Cubas', 'P']": 0.9962253711425908, "['10.2307/1547525', '23644239', 'Cubas', 'P']": 0.9980459580647966, "['10.2307/1547525', '10.2307/25065645', 'Cubas', 'P']": 0.9999969081353, "['10.2307/1547525', '41059870', 'Cubas', 'P']": 0.9999968411384035, "['10.2307/1547525', '25677664', 'Cubas', 'P']": 0.9999969081353, "['40732302', '4125536', 'Cubas', 'P']": 0.9999968411384035, "['40732302', '27733396', 'Cubas', 'P']": 0.9999968411384035, "['40732302', '41149191', 'Cubas', 'P']": 0.9962253711425908, "['40732302', '23483152', 'Cubas', 'P']": 0.9962253711425908, "['40732302', '23483274', 'Cubas', 'P']": 0.9980459580647966, "['40732302', '20076946', 'Cubas', 'P']": 0.9962253711425908, "['40732302', '43190393', 'Cubas', 'P']": 0.9962253711425908, "['40732302', '10.2307/3871421', 'Cubas', 'P']": 0.9962253711425908, "['40732302', '23645287', 'Cubas', 'P']": 0.9980906808674445, "['40732302', '4280310', 'Cubas', 'P']": 0.9962253711425908, "['40732302', '4280638', 'Cubas', 'P']": 0.9962253711425908, "['40732302', '4356508', 'Cubas', 'P']": 0.9962253711425908, "['40732302', '23644239', 'Cubas', 'P']": 0.9980906808674445, "['40732302', '10.2307/25065645', 'Cubas', 'P']": 0.9999968411384035, "['40732302', '41059870', 'Cubas', 'P']": 0.9999991347769058, "['40732302', '25677664', 'Cubas', 'P']": 0.9999968411384035, "['4125536', '27733396', 'Cubas', 'P']": 0.9999990103479199, "['4125536', '41149191', 'Cubas', 'P']": 0.9963115957381218, "['4125536', '23483152', 'Cubas', 'P']": 0.9962253711425908, "['4125536', '23483274', 'Cubas', 'P']": 0.9980459580647966, "['4125536', '20076946', 'Cubas', 'P']": 0.9962253711425908, "['4125536', '43190393', 'Cubas', 'P']": 0.9962253711425908, "['4125536', '10.2307/3871421', 'Cubas', 'P']": 0.9962253711425908, "['4125536', '23645287', 'Cubas', 'P']": 0.9980459580647966, "['4125536', '4280310', 'Cubas', 'P']": 0.9962253711425908, "['4125536', '4280638', 'Cubas', 'P']": 0.9962253711425908, "['4125536', '4356508', 'Cubas', 'P']": 0.9962253711425908, "['4125536', '23644239', 'Cubas', 'P']": 0.9980459580647966, "['4125536', '10.2307/25065645', 'Cubas', 'P']": 0.9999968885229071, "['4125536', '41059870', 'Cubas', 'P']": 0.9999968411384035, "['4125536', '25677664', 'Cubas', 'P']": 0.9999968885229071, "['27733396', '41149191', 'Cubas', 'P']": 0.9963115957381218, "['27733396', '23483152', 'Cubas', 'P']": 0.9962253711425908, "['27733396', '23483274', 'Cubas', 'P']": 0.9980459580647966, "['27733396', '20076946', 'Cubas', 'P']": 0.9962253711425908, "['27733396', '43190393', 'Cubas', 'P']": 0.9962253711425908, "['27733396', '10.2307/3871421', 'Cubas', 'P']": 0.9962253711425908, "['27733396', '23645287', 'Cubas', 'P']": 0.9980459580647966, "['27733396', '4280310', 'Cubas', 'P']": 0.9962253711425908, "['27733396', '4280638', 'Cubas', 'P']": 0.9962253711425908, "['27733396', '4356508', 'Cubas', 'P']": 0.9962253711425908, "['27733396', '23644239', 'Cubas', 'P']": 0.9980459580647966, "['27733396', '10.2307/25065645', 'Cubas', 'P']": 0.9999968885229071, "['27733396', '41059870', 'Cubas', 'P']": 0.9999968411384035, "['27733396', '25677664', 'Cubas', 'P']": 0.9999968885229071, "['41149191', '23483152', 'Cubas', 'P']": 0.9999968411384035, "['41149191', '23483274', 'Cubas', 'P']": 0.9980459580647966, "['41149191', '20076946', 'Cubas', 'P']": 0.9999968411384035, "['41149191', '43190393', 'Cubas', 'P']": 0.9999968411384035, "['41149191', '10.2307/3871421', 'Cubas', 'P']": 0.9998746435630669, "['41149191', '23645287', 'Cubas', 'P']": 0.9980459580647966, "['41149191', '4280310', 'Cubas', 'P']": 0.9999968411384035, "['41149191', '4280638', 'Cubas', 'P']": 0.9999968411384035, "['41149191', '4356508', 'Cubas', 'P']": 0.9999968411384035, "['41149191', '23644239', 'Cubas', 'P']": 0.9980459580647966, "['41149191', '10.2307/25065645', 'Cubas', 'P']": 0.9962253711425908, "['41149191', '41059870', 'Cubas', 'P']": 0.9962253711425908, "['41149191', '25677664', 'Cubas', 'P']": 0.9963116083287754, "['23483152', '23483274', 'Cubas', 'P']": 0.9993842452751929, "['23483152', '20076946', 'Cubas', 'P']": 0.99999715705999, "['23483152', '43190393', 'Cubas', 'P']": 0.9999969218926227, "['23483152', '10.2307/3871421', 'Cubas', 'P']": 0.9999969135750272, "['23483152', '23645287', 'Cubas', 'P']": 0.9980459580647966, "['23483152', '4280310', 'Cubas', 'P']": 0.9999968411384035, "['23483152', '4280638', 'Cubas', 'P']": 0.9999968411384035, "['23483152', '4356508', 'Cubas', 'P']": 0.9999968411384035, "['23483152', '23644239', 'Cubas', 'P']": 0.9980459580647966, "['23483152', '10.2307/25065645', 'Cubas', 'P']": 0.9962253711425908, "['23483152', '41059870', 'Cubas', 'P']": 0.9962253711425908, "['23483152', '25677664', 'Cubas', 'P']": 0.9962253711425908, "['23483274', '20076946', 'Cubas', 'P']": 0.9980958168941054, "['23483274', '43190393', 'Cubas', 'P']": 0.9980958168941054, "['23483274', '10.2307/3871421', 'Cubas', 'P']": 0.9980906812598453, "['23483274', '23645287', 'Cubas', 'P']": 0.9999784002646338, "['23483274', '4280310', 'Cubas', 'P']": 0.9980459580647966, "['23483274', '4280638', 'Cubas', 'P']": 0.9980459580647966, "['23483274', '4356508', 'Cubas', 'P']": 0.9980459580647966, "['23483274', '23644239', 'Cubas', 'P']": 0.9999784002646338, "['23483274', '10.2307/25065645', 'Cubas', 'P']": 0.9980459580647966, "['23483274', '41059870', 'Cubas', 'P']": 0.9980459580647966, "['23483274', '25677664', 'Cubas', 'P']": 0.9980459580647966, "['20076946', '43190393', 'Cubas', 'P']": 0.9999969135750272, "['20076946', '10.2307/3871421', 'Cubas', 'P']": 0.9999969135750272, "['20076946', '23645287', 'Cubas', 'P']": 0.9980459580647966, "['20076946', '4280310', 'Cubas', 'P']": 0.9999968411384035, "['20076946', '4280638', 'Cubas', 'P']": 0.9999968411384035, "['20076946', '4356508', 'Cubas', 'P']": 0.9999968411384035, "['20076946', '23644239', 'Cubas', 'P']": 0.9980459580647966, "['20076946', '10.2307/25065645', 'Cubas', 'P']": 0.9962253711425908, "['20076946', '41059870', 'Cubas', 'P']": 0.9962253711425908, "['20076946', '25677664', 'Cubas', 'P']": 0.9962253711425908, "['43190393', '10.2307/3871421', 'Cubas', 'P']": 0.9999969135750272, "['43190393', '23645287', 'Cubas', 'P']": 0.9980459580647966, "['43190393', '4280310', 'Cubas', 'P']": 0.9999968411384035, "['43190393', '4280638', 'Cubas', 'P']": 0.9999968411384035, "['43190393', '4356508', 'Cubas', 'P']": 0.9999968411384035, "['43190393', '23644239', 'Cubas', 'P']": 0.9980459580647966, "['43190393', '10.2307/25065645', 'Cubas', 'P']": 0.9962253711425908, "['43190393', '41059870', 'Cubas', 'P']": 0.9962253711425908, "['43190393', '25677664', 'Cubas', 'P']": 0.9962253711425908, "['10.2307/3871421', '23645287', 'Cubas', 'P']": 0.9716854652359086, "['10.2307/3871421', '4280310', 'Cubas', 'P']": 0.9998746435630669, "['10.2307/3871421', '4280638', 'Cubas', 'P']": 0.9998746435630669, "['10.2307/3871421', '4356508', 'Cubas', 'P']": 0.9998746435630669, "['10.2307/3871421', '23644239', 'Cubas', 'P']": 0.9716854652359086, "['10.2307/3871421', '10.2307/25065645', 'Cubas', 'P']": 0.9962253711425908, "['10.2307/3871421', '41059870', 'Cubas', 'P']": 0.9466183537857059,