{"['42758011', '42758131', 'HODSON', 'M']": 0.9999709958215238, "['42758011', '42757654', 'HODSON', 'M']": 0.9999709959268677, "['42758011', '42758978', 'HODSON', 'M']": 0.9973778446937603, "['42758011', '42771316', 'HODSON', 'M']": 0.9999709958215238, "['42758011', '42761865', 'HODSON', 'M']": 0.9999709958215238, "['42758011', '42758956', 'HODSON', 'M']": 0.9999709958215238, "['42758011', '42757530', 'HODSON', 'M']": 0.9999709958215238, "['42758011', '42770239', 'HODSON', 'M']": 0.9999709958215238, "['42758011', '42757802', 'HODSON', 'M']": 0.9999732839744109, "['42758011', '42757714', 'HODSON', 'M']": 0.9999709958215238, "['42758011', '42756770', 'HODSON', 'M']": 0.9999709958215238, "['42758011', '42758281', 'HODSON', 'M']": 0.9999709958215238, "['42758011', '42765122', 'HODSON', 'M']": 0.9999709958215238, "['42758011', '42756843', 'HODSON', 'M']": 0.9999709958215238, "['42758011', '42796018', 'HODSON', 'M']": 0.9999709958215238, "['42758011', '42765800', 'HODSON', 'M']": 0.9999709958215238, "['42758011', '23691701', 'HODSON', 'M']": 0.9973778536542696, "['42758011', '23690400', 'HODSON', 'M']": 0.9999703152359651, "['42758131', '42757654', 'HODSON', 'M']": 0.9999710740878206, "['42758131', '42758978', 'HODSON', 'M']": 0.9973778446937603, "['42758131', '42771316', 'HODSON', 'M']": 0.9999710527470755, "['42758131', '42761865', 'HODSON', 'M']": 0.9999710527208645, "['42758131', '42758956', 'HODSON', 'M']": 0.9999710527470755, "['42758131', '42757530', 'HODSON', 'M']": 0.9999710527208645, "['42758131', '42770239', 'HODSON', 'M']": 0.9999710740878206, "['42758131', '42757802', 'HODSON', 'M']": 0.9999709959268677, "['42758131', '42757714', 'HODSON', 'M']": 0.9999709958215238, "['42758131', '42756770', 'HODSON', 'M']": 0.9999709959268677, "['42758131', '42758281', 'HODSON', 'M']": 0.9999732839744109, "['42758131', '42765122', 'HODSON', 'M']": 0.9999710527470755, "['42758131', '42756843', 'HODSON', 'M']": 0.9999709959268677, "['42758131', '42796018', 'HODSON', 'M']": 0.9999709959268677, "['42758131', '42765800', 'HODSON', 'M']": 0.9999710527470755, "['42758131', '23691701', 'HODSON', 'M']": 0.9973164788855264, "['42758131', '23690400', 'HODSON', 'M']": 0.9999703152359651, "['42757654', '42758978', 'HODSON', 'M']": 0.9973778446937603, "['42757654', '42771316', 'HODSON', 'M']": 0.9999709958215238, "['42757654', '42761865', 'HODSON', 'M']": 0.9999710740878206, "['42757654', '42758956', 'HODSON', 'M']": 0.9999709959268677, "['42757654', '42757530', 'HODSON', 'M']": 0.9999710740878206, "['42757654', '42770239', 'HODSON', 'M']": 0.9999709959268677, "['42757654', '42757802', 'HODSON', 'M']": 0.9999709959268677, "['42757654', '42757714', 'HODSON', 'M']": 0.9999709958215238, "['42757654', '42756770', 'HODSON', 'M']": 0.9999709958215238, "['42757654', '42758281', 'HODSON', 'M']": 0.9999709959268677, "['42757654', '42765122', 'HODSON', 'M']": 0.9999710740878206, "['42757654', '42756843', 'HODSON', 'M']": 0.9999710740878206, "['42757654', '42796018', 'HODSON', 'M']": 0.9999709959268677, "['42757654', '42765800', 'HODSON', 'M']": 0.9999709959268677, "['42757654', '23691701', 'HODSON', 'M']": 0.9973164788855264, "['42757654', '23690400', 'HODSON', 'M']": 0.9999703152359651, "['42758978', '42771316', 'HODSON', 'M']": 0.9973778446937603, "['42758978', '42761865', 'HODSON', 'M']": 0.9973778541927849, "['42758978', '42758956', 'HODSON', 'M']": 0.9973778446937603, "['42758978', '42757530', 'HODSON', 'M']": 0.9973778446937603, "['42758978', '42770239', 'HODSON', 'M']": 0.9973778446937603, "['42758978', '42757802', 'HODSON', 'M']": 0.9973778446937603, "['42758978', '42757714', 'HODSON', 'M']": 0.9973778446937603, "['42758978', '42756770', 'HODSON', 'M']": 0.9973778541927849, "['42758978', '42758281', 'HODSON', 'M']": 0.9973778446937603, "['42758978', '42765122', 'HODSON', 'M']": 0.9973778541927849, "['42758978', '42756843', 'HODSON', 'M']": 0.9973778446937603, "['42758978', '42796018', 'HODSON', 'M']": 0.9973778446937603, "['42758978', '42765800', 'HODSON', 'M']": 0.9973778446937603, "['42758978', '23691701', 'HODSON', 'M']": 0.9999956587103129, "['42758978', '23690400', 'HODSON', 'M']": 0.9973164788855264, "['42771316', '42761865', 'HODSON', 'M']": 0.9999710527208645, "['42771316', '42758956', 'HODSON', 'M']": 0.9999710527208645, "['42771316', '42757530', 'HODSON', 'M']": 0.9999710527208645, "['42771316', '42770239', 'HODSON', 'M']": 0.9999709958215238, "['42771316', '42757802', 'HODSON', 'M']": 0.9999709958215238, "['42771316', '42757714', 'HODSON', 'M']": 0.9999709958215238, "['42771316', '42756770', 'HODSON', 'M']": 0.9999709958215238, "['42771316', '42758281', 'HODSON', 'M']": 0.9999710527208645, "['42771316', '42765122', 'HODSON', 'M']": 0.9999710527208645, "['42771316', '42756843', 'HODSON', 'M']": 0.9999709958215238, "['42771316', '42796018', 'HODSON', 'M']": 0.9999709958215238, "['42771316', '42765800', 'HODSON', 'M']": 0.9999732839744109, "['42771316', '23691701', 'HODSON', 'M']": 0.9973164788855264, "['42771316', '23690400', 'HODSON', 'M']": 0.9999703152359651, "['42761865', '42758956', 'HODSON', 'M']": 0.9999710527208645, "['42761865', '42757530', 'HODSON', 'M']": 0.999996258330061, "['42761865', '42770239', 'HODSON', 'M']": 0.9999710527208645, "['42761865', '42757802', 'HODSON', 'M']": 0.9999709958215238, "['42761865', '42757714', 'HODSON', 'M']": 0.9999710527208645, "['42761865', '42756770', 'HODSON', 'M']": 0.9999710740878206, "['42761865', '42758281', 'HODSON', 'M']": 0.9999710527208645, "['42761865', '42765122', 'HODSON', 'M']": 0.9999707379784356, "['42761865', '42756843', 'HODSON', 'M']": 0.9999710527208645, "['42761865', '42796018', 'HODSON', 'M']": 0.9999709958215238, "['42761865', '42765800', 'HODSON', 'M']": 0.9999710527208645, "['42761865', '23691701', 'HODSON', 'M']": 0.9973164788855264, "['42761865', '23690400', 'HODSON', 'M']": 0.9999703152359651, "['42758956', '42757530', 'HODSON', 'M']": 0.9999710527208645, "['42758956', '42770239', 'HODSON', 'M']": 0.9999709959268677, "['42758956', '42757802', 'HODSON', 'M']": 0.9999709958215238, "['42758956', '42757714', 'HODSON', 'M']": 0.9999709958215238, "['42758956', '42756770', 'HODSON', 'M']": 0.9999709958215238, "['42758956', '42758281', 'HODSON', 'M']": 0.999987079472724, "['42758956', '42765122', 'HODSON', 'M']": 0.9999710527470755, "['42758956', '42756843', 'HODSON', 'M']": 0.9999709959268677, "['42758956', '42796018', 'HODSON', 'M']": 0.9999709959268677, "['42758956', '42765800', 'HODSON', 'M']": 0.9999710527470755, "['42758956', '23691701', 'HODSON', 'M']": 0.9973164788855264, "['42758956', '23690400', 'HODSON', 'M']": 0.9999703152359651, "['42757530', '42770239', 'HODSON', 'M']": 0.9999710527208645, "['42757530', '42757802', 'HODSON', 'M']": 0.9999709958215238, "['42757530', '42757714', 'HODSON', 'M']": 0.9999710527208645, "['42757530', '42756770', 'HODSON', 'M']": 0.9999710527208645, "['42757530', '42758281', 'HODSON', 'M']": 0.9999710527208645, "['42757530', '42765122', 'HODSON', 'M']": 0.9999707379516515, "['42757530', '42756843', 'HODSON', 'M']": 0.9999710527208645, "['42757530', '42796018', 'HODSON', 'M']": 0.9999709958215238, "['42757530', '42765800', 'HODSON', 'M']": 0.9999710527208645, "['42757530', '23691701', 'HODSON', 'M']": 0.9973164788855264, "['42757530', '23690400', 'HODSON', 'M']": 0.9999709959208954, "['42770239', '42757802', 'HODSON', 'M']": 0.9999709959268677, "['42770239', '42757714', 'HODSON', 'M']": 0.9999710527470755, "['42770239', '42756770', 'HODSON', 'M']": 0.9999710527470755, "['42770239', '42758281', 'HODSON', 'M']": 0.9999709959268677, "['42770239', '42765122', 'HODSON', 'M']": 0.9999710527470755, "['42770239', '42756843', 'HODSON', 'M']": 0.9999710527470755, "['42770239', '42796018', 'HODSON', 'M']": 0.9999709959268677, "['42770239', '42765800', 'HODSON', 'M']": 0.9999709958215238, "['42770239', '23691701', 'HODSON', 'M']": 0.9973164788855264, "['42770239', '23690400', 'HODSON', 'M']": 0.9999703152359651, "['42757802', '42757714', 'HODSON', 'M']": 0.9999709958215238,