{"['2470718', '2435874', 'Harrar', 'E']": 0.9999931885160307, "['2470718', '4251860', 'Harrar', 'E']": 0.9993829758354148, "['2435874', '4251860', 'Harrar', 'E']": 0.9993829758354148}