{"['10.2307/1543936', '10.2307/1544042', 'Hopkins', 'L']": 0.9654751238263676, "['10.2307/1543936', '10.2307/1543811', 'Hopkins', 'L']": 0.999995581150071, "['10.2307/1543936', '10.2307/1544070', 'Hopkins', 'L']": 0.9972612664037213, "['10.2307/1543936', '10.2307/1544387', 'Hopkins', 'L']": 0.9999955450357934, "['10.2307/1543936', '10.2307/1543805', 'Hopkins', 'L']": 0.9972686666007633, "['10.2307/1543936', '10.2307/1544797', 'Hopkins', 'L']": 0.9972612664037213, "['10.2307/1543936', '10.2307/1544604', 'Hopkins', 'L']": 0.9999955691449389, "['10.2307/1543936', '10.2307/1544197', 'Hopkins', 'L']": 0.9972686567072774, "['10.2307/1543936', '10.2307/1544332', 'Hopkins', 'L']": 0.9972686666007633, "['10.2307/1543936', '10.2307/1543937', 'Hopkins', 'L']": 0.9999955811340212, "['10.2307/1543936', '4033412', 'Hopkins', 'L']": 0.9843121777688822, "['10.2307/1543936', '4496273', 'Hopkins', 'L']": 0.9693986664049252, "['10.2307/1543936', '43477177', 'Hopkins', 'L']": 0.9998205360409772, "['10.2307/1543936', '4629827', 'Hopkins', 'L']": 0.987600803073588, "['10.2307/1543936', '4278638', 'Hopkins', 'L']": 0.987600803073588, "['10.2307/1543936', '4629838', 'Hopkins', 'L']": 0.987600803073588, "['10.2307/1543936', '4132518', 'Hopkins', 'L']": 0.9693986664049252, "['10.2307/1543936', '3878188', 'Hopkins', 'L']": 0.9693986664049252, "['10.2307/1543936', '40595970', 'Hopkins', 'L']": 0.9972047427546153, "['10.2307/1544042', '10.2307/1543811', 'Hopkins', 'L']": 0.9972612664037213, "['10.2307/1544042', '10.2307/1544070', 'Hopkins', 'L']": 0.9999079545509066, "['10.2307/1544042', '10.2307/1544387', 'Hopkins', 'L']": 0.9654751238263676, "['10.2307/1544042', '10.2307/1543805', 'Hopkins', 'L']": 0.9999697028238917, "['10.2307/1544042', '10.2307/1544797', 'Hopkins', 'L']": 0.9996056387722106, "['10.2307/1544042', '10.2307/1544604', 'Hopkins', 'L']": 0.9654751238263676, "['10.2307/1544042', '10.2307/1544197', 'Hopkins', 'L']": 0.9999697848003872, "['10.2307/1544042', '10.2307/1544332', 'Hopkins', 'L']": 0.9999079545509066, "['10.2307/1544042', '10.2307/1543937', 'Hopkins', 'L']": 0.9917251684565023, "['10.2307/1544042', '4033412', 'Hopkins', 'L']": 0.9998214935387575, "['10.2307/1544042', '4496273', 'Hopkins', 'L']": 0.9839499050799196, "['10.2307/1544042', '43477177', 'Hopkins', 'L']": 0.9482662801366816, "['10.2307/1544042', '4629827', 'Hopkins', 'L']": 0.9935542952270193, "['10.2307/1544042', '4278638', 'Hopkins', 'L']": 0.9935542952270193, "['10.2307/1544042', '4629838', 'Hopkins', 'L']": 0.9935542952270193, "['10.2307/1544042', '4132518', 'Hopkins', 'L']": 0.9839499050799196, "['10.2307/1544042', '3878188', 'Hopkins', 'L']": 0.9839499050799196, "['10.2307/1544042', '40595970', 'Hopkins', 'L']": 0.9987741190036926, "['10.2307/1543811', '10.2307/1544070', 'Hopkins', 'L']": 0.9972686567072774, "['10.2307/1543811', '10.2307/1544387', 'Hopkins', 'L']": 0.999995581150071, "['10.2307/1543811', '10.2307/1543805', 'Hopkins', 'L']": 0.9972686567072774, "['10.2307/1543811', '10.2307/1544797', 'Hopkins', 'L']": 0.9972612664037213, "['10.2307/1543811', '10.2307/1544604', 'Hopkins', 'L']": 0.9999955811340212, "['10.2307/1543811', '10.2307/1544197', 'Hopkins', 'L']": 0.9972686567072774, "['10.2307/1543811', '10.2307/1544332', 'Hopkins', 'L']": 0.9972686666007633, "['10.2307/1543811', '10.2307/1543937', 'Hopkins', 'L']": 0.9999955811340212, "['10.2307/1543811', '4033412', 'Hopkins', 'L']": 0.9839499050799196, "['10.2307/1543811', '4496273', 'Hopkins', 'L']": 0.9693986664049252, "['10.2307/1543811', '43477177', 'Hopkins', 'L']": 0.9999326934656665, "['10.2307/1543811', '4629827', 'Hopkins', 'L']": 0.987600803073588, "['10.2307/1543811', '4278638', 'Hopkins', 'L']": 0.987600803073588, "['10.2307/1543811', '4629838', 'Hopkins', 'L']": 0.987600803073588, "['10.2307/1543811', '4132518', 'Hopkins', 'L']": 0.9693986664049252, "['10.2307/1543811', '3878188', 'Hopkins', 'L']": 0.9693986664049252, "['10.2307/1543811', '40595970', 'Hopkins', 'L']": 0.9972047427546153, "['10.2307/1544070', '10.2307/1544387', 'Hopkins', 'L']": 0.9972686666007633, "['10.2307/1544070', '10.2307/1543805', 'Hopkins', 'L']": 0.9999697848003872, "['10.2307/1544070', '10.2307/1544797', 'Hopkins', 'L']": 0.9998159260449834, "['10.2307/1544070', '10.2307/1544604', 'Hopkins', 'L']": 0.9972686567072774, "['10.2307/1544070', '10.2307/1544197', 'Hopkins', 'L']": 0.9999697848003872, "['10.2307/1544070', '10.2307/1544332', 'Hopkins', 'L']": 0.9999697848003872, "['10.2307/1544070', '10.2307/1543937', 'Hopkins', 'L']": 0.9972686567072774, "['10.2307/1544070', '4033412', 'Hopkins', 'L']": 0.9998238865801445, "['10.2307/1544070', '4496273', 'Hopkins', 'L']": 0.9839499050799196, "['10.2307/1544070', '43477177', 'Hopkins', 'L']": 0.9972047427546153, "['10.2307/1544070', '4629827', 'Hopkins', 'L']": 0.9935542952270193, "['10.2307/1544070', '4278638', 'Hopkins', 'L']": 0.9935542952270193, "['10.2307/1544070', '4629838', 'Hopkins', 'L']": 0.9935542952270193, "['10.2307/1544070', '4132518', 'Hopkins', 'L']": 0.9839499050799196, "['10.2307/1544070', '3878188', 'Hopkins', 'L']": 0.9839499050799196, "['10.2307/1544070', '40595970', 'Hopkins', 'L']": 0.9999690757989915, "['10.2307/1544387', '10.2307/1543805', 'Hopkins', 'L']": 0.9972686567072774, "['10.2307/1544387', '10.2307/1544797', 'Hopkins', 'L']": 0.997246405388496, "['10.2307/1544387', '10.2307/1544604', 'Hopkins', 'L']": 0.999973076298982, "['10.2307/1544387', '10.2307/1544197', 'Hopkins', 'L']": 0.9972686567072774, "['10.2307/1544387', '10.2307/1544332', 'Hopkins', 'L']": 0.9835861586848692, "['10.2307/1544387', '10.2307/1543937', 'Hopkins', 'L']": 0.999995581150071, "['10.2307/1544387', '4033412', 'Hopkins', 'L']": 0.9839499050799196, "['10.2307/1544387', '4496273', 'Hopkins', 'L']": 0.9693986664049252, "['10.2307/1544387', '43477177', 'Hopkins', 'L']": 0.9999326934656665, "['10.2307/1544387', '4629827', 'Hopkins', 'L']": 0.987600803073588, "['10.2307/1544387', '4278638', 'Hopkins', 'L']": 0.987600803073588, "['10.2307/1544387', '4629838', 'Hopkins', 'L']": 0.987600803073588, "['10.2307/1544387', '4132518', 'Hopkins', 'L']": 0.9693986664049252, "['10.2307/1544387', '3878188', 'Hopkins', 'L']": 0.9693986664049252, "['10.2307/1544387', '40595970', 'Hopkins', 'L']": 0.9972686660398853, "['10.2307/1543805', '10.2307/1544797', 'Hopkins', 'L']": 0.9999697848003872, "['10.2307/1543805', '10.2307/1544604', 'Hopkins', 'L']": 0.9972686567072774, "['10.2307/1543805', '10.2307/1544197', 'Hopkins', 'L']": 0.9999697848003872, "['10.2307/1543805', '10.2307/1544332', 'Hopkins', 'L']": 0.9999697848003872, "['10.2307/1543805', '10.2307/1543937', 'Hopkins', 'L']": 0.9972686567072774, "['10.2307/1543805', '4033412', 'Hopkins', 'L']": 0.9998250372229047, "['10.2307/1543805', '4496273', 'Hopkins', 'L']": 0.9839499050799196, "['10.2307/1543805', '43477177', 'Hopkins', 'L']": 0.9972047427546153, "['10.2307/1543805', '4629827', 'Hopkins', 'L']": 0.9935542952270193, "['10.2307/1543805', '4278638', 'Hopkins', 'L']": 0.9935542952270193, "['10.2307/1543805', '4629838', 'Hopkins', 'L']": 0.9935542952270193, "['10.2307/1543805', '4132518', 'Hopkins', 'L']": 0.9839499050799196, "['10.2307/1543805', '3878188', 'Hopkins', 'L']": 0.9839499050799196, "['10.2307/1543805', '40595970', 'Hopkins', 'L']": 0.9999690757989915, "['10.2307/1544797', '10.2307/1544604', 'Hopkins', 'L']": 0.9917251684565023, "['10.2307/1544797', '10.2307/1544197', 'Hopkins', 'L']": 0.9999697848003872, "['10.2307/1544797', '10.2307/1544332', 'Hopkins', 'L']": 0.9999697028238917, "['10.2307/1544797', '10.2307/1543937', 'Hopkins', 'L']": 0.9972686567072774, "['10.2307/1544797', '4033412', 'Hopkins', 'L']": 0.9998214935387575, "['10.2307/1544797', '4496273', 'Hopkins', 'L']": 0.9839499050799196, "['10.2307/1544797', '43477177', 'Hopkins', 'L']": 0.8662796067969326, "['10.2307/1544797', '4629827', 'Hopkins', 'L']": 0.9935542952270193, "['10.2307/1544797', '4278638', 'Hopkins', 'L']": 0.9935542952270193,