{"['10.2307/2424074', '10.2307/4078234', 'Marsh', 'E']": 0.9906417543911561, "['10.2307/2424074', '10.2307/1445184', 'Marsh', 'E']": 0.9999974148358017, "['10.2307/2424074', '10.2307/1443282', 'Marsh', 'E']": 0.9999974790141335, "['10.2307/2424074', '10.2307/1444883', 'Marsh', 'E']": 0.9999974148358017, "['10.2307/2424074', '24038839', 'Marsh', 'E']": 0.9906417543911561, "['10.2307/2424074', '24035730', 'Marsh', 'E']": 0.9906417543911561, "['10.2307/2424074', '10.2307/3895714', 'Marsh', 'E']": 0.9906417543911561, "['10.2307/2424074', '40065792', 'Marsh', 'E']": 0.9906417543911561, "['10.2307/2424074', '4279974', 'Marsh', 'E']": 0.9906417543911561, "['10.2307/2424074', '41943566', 'Marsh', 'E']": 0.9969087839030546, "['10.2307/2424074', '40065833', 'Marsh', 'E']": 0.9969087839030546, "['10.2307/2424074', '10.2307/3670255', 'Marsh', 'E']": 0.9999974741163439, "['10.2307/2424074', '4157137', 'Marsh', 'E']": 0.9951423112600191, "['10.2307/4078234', '10.2307/1445184', 'Marsh', 'E']": 0.9906417543911561, "['10.2307/4078234', '10.2307/1443282', 'Marsh', 'E']": 0.9906417543911561, "['10.2307/4078234', '10.2307/1444883', 'Marsh', 'E']": 0.9906417543911561, "['10.2307/4078234', '24038839', 'Marsh', 'E']": 0.9767988891362355, "['10.2307/4078234', '24035730', 'Marsh', 'E']": 0.9767988891362355, "['10.2307/4078234', '10.2307/3895714', 'Marsh', 'E']": 0.9767988891362355, "['10.2307/4078234', '40065792', 'Marsh', 'E']": 0.9767988891362355, "['10.2307/4078234', '4279974', 'Marsh', 'E']": 0.9767988891362355, "['10.2307/4078234', '41943566', 'Marsh', 'E']": 0.9906417543911561, "['10.2307/4078234', '40065833', 'Marsh', 'E']": 0.9906417543911561, "['10.2307/4078234', '10.2307/3670255', 'Marsh', 'E']": 0.9906417543911561, "['10.2307/4078234', '4157137', 'Marsh', 'E']": 0.997708001537936, "['10.2307/1445184', '10.2307/1443282', 'Marsh', 'E']": 0.9999974741076897, "['10.2307/1445184', '10.2307/1444883', 'Marsh', 'E']": 0.9999996577277882, "['10.2307/1445184', '24038839', 'Marsh', 'E']": 0.9906417543911561, "['10.2307/1445184', '24035730', 'Marsh', 'E']": 0.9906417543911561, "['10.2307/1445184', '10.2307/3895714', 'Marsh', 'E']": 0.9906417543911561, "['10.2307/1445184', '40065792', 'Marsh', 'E']": 0.9906417543911561, "['10.2307/1445184', '4279974', 'Marsh', 'E']": 0.9906417543911561, "['10.2307/1445184', '41943566', 'Marsh', 'E']": 0.9969087839030546, "['10.2307/1445184', '40065833', 'Marsh', 'E']": 0.9969087839030546, "['10.2307/1445184', '10.2307/3670255', 'Marsh', 'E']": 0.9999974741163439, "['10.2307/1445184', '4157137', 'Marsh', 'E']": 0.9951423112600191, "['10.2307/1443282', '10.2307/1444883', 'Marsh', 'E']": 0.9999974741076897, "['10.2307/1443282', '24038839', 'Marsh', 'E']": 0.9906417543911561, "['10.2307/1443282', '24035730', 'Marsh', 'E']": 0.9906417543911561, "['10.2307/1443282', '10.2307/3895714', 'Marsh', 'E']": 0.9906417543911561, "['10.2307/1443282', '40065792', 'Marsh', 'E']": 0.9906417543911561, "['10.2307/1443282', '4279974', 'Marsh', 'E']": 0.9906417543911561, "['10.2307/1443282', '41943566', 'Marsh', 'E']": 0.9969087839030546, "['10.2307/1443282', '40065833', 'Marsh', 'E']": 0.9969087839030546, "['10.2307/1443282', '10.2307/3670255', 'Marsh', 'E']": 0.9999974148358017, "['10.2307/1443282', '4157137', 'Marsh', 'E']": 0.9951423112600191, "['10.2307/1444883', '24038839', 'Marsh', 'E']": 0.9906417543911561, "['10.2307/1444883', '24035730', 'Marsh', 'E']": 0.9906417543911561, "['10.2307/1444883', '10.2307/3895714', 'Marsh', 'E']": 0.9906417543911561, "['10.2307/1444883', '40065792', 'Marsh', 'E']": 0.9906417543911561, "['10.2307/1444883', '4279974', 'Marsh', 'E']": 0.9906417543911561, "['10.2307/1444883', '41943566', 'Marsh', 'E']": 0.9969087839030546, "['10.2307/1444883', '40065833', 'Marsh', 'E']": 0.9969087839030546, "['10.2307/1444883', '10.2307/3670255', 'Marsh', 'E']": 0.9999974148358017, "['10.2307/1444883', '4157137', 'Marsh', 'E']": 0.9951423112600191, "['24038839', '24035730', 'Marsh', 'E']": 0.999996645553666, "['24038839', '10.2307/3895714', 'Marsh', 'E']": 0.9767988891362355, "['24038839', '40065792', 'Marsh', 'E']": 0.9999966481428391, "['24038839', '4279974', 'Marsh', 'E']": 0.9999966692643076, "['24038839', '41943566', 'Marsh', 'E']": 0.999992242429299, "['24038839', '40065833', 'Marsh', 'E']": 0.999992242429299, "['24038839', '10.2307/3670255', 'Marsh', 'E']": 0.9906417543911561, "['24038839', '4157137', 'Marsh', 'E']": 0.9878752605877709, "['24035730', '10.2307/3895714', 'Marsh', 'E']": 0.9767988891362355, "['24035730', '40065792', 'Marsh', 'E']": 0.9999966481428391, "['24035730', '4279974', 'Marsh', 'E']": 0.9999966692643076, "['24035730', '41943566', 'Marsh', 'E']": 0.999992242429299, "['24035730', '40065833', 'Marsh', 'E']": 0.999992242429299, "['24035730', '10.2307/3670255', 'Marsh', 'E']": 0.9908543867744037, "['24035730', '4157137', 'Marsh', 'E']": 0.9878752605877709, "['10.2307/3895714', '40065792', 'Marsh', 'E']": 0.9767988891362355, "['10.2307/3895714', '4279974', 'Marsh', 'E']": 0.7388187860557127, "['10.2307/3895714', '41943566', 'Marsh', 'E']": 0.9906417543911561, "['10.2307/3895714', '40065833', 'Marsh', 'E']": 0.9906417543911561, "['10.2307/3895714', '10.2307/3670255', 'Marsh', 'E']": 0.9906417543911561, "['10.2307/3895714', '4157137', 'Marsh', 'E']": 0.6724389371738215, "['40065792', '4279974', 'Marsh', 'E']": 0.9999966816350299, "['40065792', '41943566', 'Marsh', 'E']": 0.9999922364440138, "['40065792', '40065833', 'Marsh', 'E']": 0.9999922364440138, "['40065792', '10.2307/3670255', 'Marsh', 'E']": 0.9906417543911561, "['40065792', '4157137', 'Marsh', 'E']": 0.9878752605877709, "['4279974', '41943566', 'Marsh', 'E']": 0.9999922364440138, "['4279974', '40065833', 'Marsh', 'E']": 0.9999922364440138, "['4279974', '10.2307/3670255', 'Marsh', 'E']": 0.9906417543911561, "['4279974', '4157137', 'Marsh', 'E']": 0.9878752605877709, "['41943566', '40065833', 'Marsh', 'E']": 0.9999974790630242, "['41943566', '10.2307/3670255', 'Marsh', 'E']": 0.9969087839030546, "['41943566', '4157137', 'Marsh', 'E']": 0.9951423112600191, "['40065833', '10.2307/3670255', 'Marsh', 'E']": 0.9969087839030546, "['40065833', '4157137', 'Marsh', 'E']": 0.9951423112600191, "['10.2307/3670255', '4157137', 'Marsh', 'E']": 0.9322691989989705}