{"['3882213', '25602309', 'McGrath', 'C']": 0.9952166302976341, "['3882213', '10.2307/20094442', 'McGrath', 'C']": 0.9937940934888876, "['3882213', '4292862', 'McGrath', 'C']": 0.9999983083451625, "['3882213', '1468072', 'McGrath', 'C']": 0.987052561638609, "['3882213', '3548040', 'McGrath', 'C']": 0.9880594260757479, "['25602309', '10.2307/20094442', 'McGrath', 'C']": 0.9975225452809062, "['25602309', '4292862', 'McGrath', 'C']": 0.9952166302976341, "['25602309', '1468072', 'McGrath', 'C']": 0.9948101124104411, "['25602309', '3548040', 'McGrath', 'C']": 0.9952166302976341, "['10.2307/20094442', '4292862', 'McGrath', 'C']": 0.9937940934888876, "['10.2307/20094442', '1468072', 'McGrath', 'C']": 0.993267498194963, "['10.2307/20094442', '3548040', 'McGrath', 'C']": 0.9937940934888876, "['4292862', '1468072', 'McGrath', 'C']": 0.987052561638609, "['4292862', '3548040', 'McGrath', 'C']": 0.9880594260757479, "['1468072', '3548040', 'McGrath', 'C']": 0.9999981207225722}