{"['4353992', '2443013', 'Daghlian', 'C']": 0.9999971924719607, "['4353992', '2442667', 'Daghlian', 'C']": 0.9999971924719607, "['4353992', '2442000', 'Daghlian', 'C']": 0.9982629127686738, "['4353992', '2443446', 'Daghlian', 'C']": 0.9999971924719607, "['4353992', '2442004', 'Daghlian', 'C']": 0.9999971924719607, "['4353992', '2442341', 'Daghlian', 'C']": 0.9999971924719607, "['4353992', '2442605', 'Daghlian', 'C']": 0.9999971924719607, "['4353992', '2443119', 'Daghlian', 'C']": 0.9999971924719607, "['4353992', '10.1086/668689', 'Daghlian', 'C']": 0.999997234430619, "['4353992', '3687480', 'Daghlian', 'C']": 0.9999971924719607, "['2443013', '2442667', 'Daghlian', 'C']": 0.9999974732563401, "['2443013', '2442000', 'Daghlian', 'C']": 0.9983026788508942, "['2443013', '2443446', 'Daghlian', 'C']": 0.9999972568421277, "['2443013', '2442004', 'Daghlian', 'C']": 0.9999972568421277, "['2443013', '2442341', 'Daghlian', 'C']": 0.999997262223696, "['2443013', '2442605', 'Daghlian', 'C']": 0.9999972568421277, "['2443013', '2443119', 'Daghlian', 'C']": 0.9999972622261751, "['2443013', '10.1086/668689', 'Daghlian', 'C']": 0.999997214671036, "['2443013', '3687480', 'Daghlian', 'C']": 0.9999971924719607, "['2442667', '2442000', 'Daghlian', 'C']": 0.9983026788508942, "['2442667', '2443446', 'Daghlian', 'C']": 0.9999972568520912, "['2442667', '2442004', 'Daghlian', 'C']": 0.9999972568421277, "['2442667', '2442341', 'Daghlian', 'C']": 0.999997262223696, "['2442667', '2442605', 'Daghlian', 'C']": 0.9999972568520912, "['2442667', '2443119', 'Daghlian', 'C']": 0.999997262223696, "['2442667', '10.1086/668689', 'Daghlian', 'C']": 0.999997214671036, "['2442667', '3687480', 'Daghlian', 'C']": 0.9999972568515263, "['2442000', '2443446', 'Daghlian', 'C']": 0.9983026726964519, "['2442000', '2442004', 'Daghlian', 'C']": 0.9983026726964519, "['2442000', '2442341', 'Daghlian', 'C']": 0.998307245226827, "['2442000', '2442605', 'Daghlian', 'C']": 0.9983026726964519, "['2442000', '2443119', 'Daghlian', 'C']": 0.9983026726964519, "['2442000', '10.1086/668689', 'Daghlian', 'C']": 0.9981147948362541, "['2442000', '3687480', 'Daghlian', 'C']": 0.9983026900974012, "['2443446', '2442004', 'Daghlian', 'C']": 0.9999972568421277, "['2443446', '2442341', 'Daghlian', 'C']": 0.9999972568520912, "['2443446', '2442605', 'Daghlian', 'C']": 0.9999972642445932, "['2443446', '2443119', 'Daghlian', 'C']": 0.9999972568421277, "['2443446', '10.1086/668689', 'Daghlian', 'C']": 0.999997234430619, "['2443446', '3687480', 'Daghlian', 'C']": 0.9999972568702983, "['2442004', '2442341', 'Daghlian', 'C']": 0.9999972568520912, "['2442004', '2442605', 'Daghlian', 'C']": 0.9999972568421277, "['2442004', '2443119', 'Daghlian', 'C']": 0.9999972568421277, "['2442004', '10.1086/668689', 'Daghlian', 'C']": 0.999997234430619, "['2442004', '3687480', 'Daghlian', 'C']": 0.9999972568515263, "['2442341', '2442605', 'Daghlian', 'C']": 0.9999972568520912, "['2442341', '2443119', 'Daghlian', 'C']": 0.9999972622261751, "['2442341', '10.1086/668689', 'Daghlian', 'C']": 0.9999972870211234, "['2442341', '3687480', 'Daghlian', 'C']": 0.9999972568515263, "['2442605', '2443119', 'Daghlian', 'C']": 0.9999972568421277, "['2442605', '10.1086/668689', 'Daghlian', 'C']": 0.999997234430619, "['2442605', '3687480', 'Daghlian', 'C']": 0.9999972568702983, "['2443119', '10.1086/668689', 'Daghlian', 'C']": 0.999997214671036, "['2443119', '3687480', 'Daghlian', 'C']": 0.9999971924719607, "['10.1086/668689', '3687480', 'Daghlian', 'C']": 0.999997255929709}