{"['10.2307/1590291', '24030924', 'Umeda', 'M']": 0.9979600352489384, "['10.2307/1590291', '20172144', 'Umeda', 'M']": 0.9979600352489384, "['10.2307/1590291', '43291014', 'Umeda', 'M']": 0.9979600352489384, "['10.2307/1590291', '4294048', 'Umeda', 'M']": 0.9979600352489384, "['10.2307/1590291', '3872278', 'Umeda', 'M']": 0.9979600352489384, "['10.2307/1590291', '23386012', 'Umeda', 'M']": 0.9979600352489384, "['10.2307/1590291', '3871488', 'Umeda', 'M']": 0.9979600352489384, "['10.2307/1590291', '43190665', 'Umeda', 'M']": 0.9979600352489384, "['10.2307/1590291', '25224262', 'Umeda', 'M']": 0.9979600352489384, "['10.2307/1590291', '4281211', 'Umeda', 'M']": 0.9979600352489384, "['10.2307/1590291', '3871491', 'Umeda', 'M']": 0.9979600352489384, "['10.2307/1590291', '4276157', 'Umeda', 'M']": 0.9979600352489384, "['10.2307/1590291', '41434713', 'Umeda', 'M']": 0.9979600352489384, "['10.2307/1590291', '20077014', 'Umeda', 'M']": 0.9979600352489384, "['10.2307/1590291', '4275898', 'Umeda', 'M']": 0.9979600352489384, "['10.2307/1590291', '23386893', 'Umeda', 'M']": 0.9979600352489384, "['10.2307/1590291', '40537001', 'Umeda', 'M']": 0.9979600352489384, "['10.2307/1590291', '4278594', 'Umeda', 'M']": 0.9979600352489384, "['24030924', '20172144', 'Umeda', 'M']": 0.9960597098288733, "['24030924', '43291014', 'Umeda', 'M']": 0.9960597098288733, "['24030924', '4294048', 'Umeda', 'M']": 0.9960597098288733, "['24030924', '3872278', 'Umeda', 'M']": 0.9999967775816009, "['24030924', '23386012', 'Umeda', 'M']": 0.9999967019539792, "['24030924', '3871488', 'Umeda', 'M']": 0.9999967775816009, "['24030924', '43190665', 'Umeda', 'M']": 0.9999967775816009, "['24030924', '25224262', 'Umeda', 'M']": 0.9999967775816009, "['24030924', '4281211', 'Umeda', 'M']": 0.9999967775816009, "['24030924', '3871491', 'Umeda', 'M']": 0.9999967019539792, "['24030924', '4276157', 'Umeda', 'M']": 0.9999967019539792, "['24030924', '41434713', 'Umeda', 'M']": 0.9999967775816009, "['24030924', '20077014', 'Umeda', 'M']": 0.9999967775816009, "['24030924', '4275898', 'Umeda', 'M']": 0.9999967019539792, "['24030924', '23386893', 'Umeda', 'M']": 0.9997838610048567, "['24030924', '40537001', 'Umeda', 'M']": 0.9999967775816009, "['24030924', '4278594', 'Umeda', 'M']": 0.9999967019539792, "['20172144', '43291014', 'Umeda', 'M']": 0.9999967019539792, "['20172144', '4294048', 'Umeda', 'M']": 0.9999967838923675, "['20172144', '3872278', 'Umeda', 'M']": 0.9960597098288733, "['20172144', '23386012', 'Umeda', 'M']": 0.9961497171741651, "['20172144', '3871488', 'Umeda', 'M']": 0.9961497171741651, "['20172144', '43190665', 'Umeda', 'M']": 0.9960597098288733, "['20172144', '25224262', 'Umeda', 'M']": 0.9961497171741651, "['20172144', '4281211', 'Umeda', 'M']": 0.9960597098288733, "['20172144', '3871491', 'Umeda', 'M']": 0.9960597098288733, "['20172144', '4276157', 'Umeda', 'M']": 0.9960597098288733, "['20172144', '41434713', 'Umeda', 'M']": 0.9960597098288733, "['20172144', '20077014', 'Umeda', 'M']": 0.9961497171741651, "['20172144', '4275898', 'Umeda', 'M']": 0.9960597098288733, "['20172144', '23386893', 'Umeda', 'M']": 0.9960597098288733, "['20172144', '40537001', 'Umeda', 'M']": 0.9960597098288733, "['20172144', '4278594', 'Umeda', 'M']": 0.9961497171741651, "['43291014', '4294048', 'Umeda', 'M']": 0.9999967019539792, "['43291014', '3872278', 'Umeda', 'M']": 0.9960597098288733, "['43291014', '23386012', 'Umeda', 'M']": 0.9960597098288733, "['43291014', '3871488', 'Umeda', 'M']": 0.9960597098288733, "['43291014', '43190665', 'Umeda', 'M']": 0.9960597098288733, "['43291014', '25224262', 'Umeda', 'M']": 0.9960597098288733, "['43291014', '4281211', 'Umeda', 'M']": 0.9960597098288733, "['43291014', '3871491', 'Umeda', 'M']": 0.9960597098288733, "['43291014', '4276157', 'Umeda', 'M']": 0.9960597098288733, "['43291014', '41434713', 'Umeda', 'M']": 0.9960597098288733, "['43291014', '20077014', 'Umeda', 'M']": 0.9960597098288733, "['43291014', '4275898', 'Umeda', 'M']": 0.9960597098288733, "['43291014', '23386893', 'Umeda', 'M']": 0.9960597098288733, "['43291014', '40537001', 'Umeda', 'M']": 0.9960597098288733, "['43291014', '4278594', 'Umeda', 'M']": 0.9960597098288733, "['4294048', '3872278', 'Umeda', 'M']": 0.9960597098288733, "['4294048', '23386012', 'Umeda', 'M']": 0.9960597098288733, "['4294048', '3871488', 'Umeda', 'M']": 0.9960597098288733, "['4294048', '43190665', 'Umeda', 'M']": 0.9960597098288733, "['4294048', '25224262', 'Umeda', 'M']": 0.9960597098288733, "['4294048', '4281211', 'Umeda', 'M']": 0.9960597098288733, "['4294048', '3871491', 'Umeda', 'M']": 0.9960597098288733, "['4294048', '4276157', 'Umeda', 'M']": 0.9960597098288733, "['4294048', '41434713', 'Umeda', 'M']": 0.9960597098288733, "['4294048', '20077014', 'Umeda', 'M']": 0.9960597098288733, "['4294048', '4275898', 'Umeda', 'M']": 0.9960597098288733, "['4294048', '23386893', 'Umeda', 'M']": 0.9960597098288733, "['4294048', '40537001', 'Umeda', 'M']": 0.9960597098288733, "['4294048', '4278594', 'Umeda', 'M']": 0.9960597098288733, "['3872278', '23386012', 'Umeda', 'M']": 0.9999967019539792, "['3872278', '3871488', 'Umeda', 'M']": 0.9999967838952798, "['3872278', '43190665', 'Umeda', 'M']": 0.9999967862663451, "['3872278', '25224262', 'Umeda', 'M']": 0.9999967862663451, "['3872278', '4281211', 'Umeda', 'M']": 0.9999967625140893, "['3872278', '3871491', 'Umeda', 'M']": 0.9999967775822644, "['3872278', '4276157', 'Umeda', 'M']": 0.999996771902855, "['3872278', '41434713', 'Umeda', 'M']": 0.9999967775822644, "['3872278', '20077014', 'Umeda', 'M']": 0.9999967489228683, "['3872278', '4275898', 'Umeda', 'M']": 0.999996771902855, "['3872278', '23386893', 'Umeda', 'M']": 0.999779178558702, "['3872278', '40537001', 'Umeda', 'M']": 0.9999967775822644, "['3872278', '4278594', 'Umeda', 'M']": 0.9999967514322544, "['23386012', '3871488', 'Umeda', 'M']": 0.9999967775816009, "['23386012', '43190665', 'Umeda', 'M']": 0.9999967019539792, "['23386012', '25224262', 'Umeda', 'M']": 0.9999967776036525, "['23386012', '4281211', 'Umeda', 'M']": 0.9999967019539792, "['23386012', '3871491', 'Umeda', 'M']": 0.999996771902855, "['23386012', '4276157', 'Umeda', 'M']": 0.9999967775816009, "['23386012', '41434713', 'Umeda', 'M']": 0.9999967019539792, "['23386012', '20077014', 'Umeda', 'M']": 0.9999967775816009, "['23386012', '4275898', 'Umeda', 'M']": 0.9999967019539792, "['23386012', '23386893', 'Umeda', 'M']": 0.9997842404084756, "['23386012', '40537001', 'Umeda', 'M']": 0.9999967019539792, "['23386012', '4278594', 'Umeda', 'M']": 0.9999967775816009, "['3871488', '43190665', 'Umeda', 'M']": 0.9999967775822644, "['3871488', '25224262', 'Umeda', 'M']": 0.9999967862663451, "['3871488', '4281211', 'Umeda', 'M']": 0.9999967929973559, "['3871488', '3871491', 'Umeda', 'M']": 0.9999967775822644, "['3871488', '4276157', 'Umeda', 'M']": 0.999996771902855, "['3871488', '41434713', 'Umeda', 'M']": 0.9999967775822644, "['3871488', '20077014', 'Umeda', 'M']": 0.9999970317955278, "['3871488', '4275898', 'Umeda', 'M']": 0.999996771902855, "['3871488', '23386893', 'Umeda', 'M']": 0.999779178558702, "['3871488', '40537001', 'Umeda', 'M']": 0.9999967862663451, "['3871488', '4278594', 'Umeda', 'M']": 0.999996771902855, "['43190665', '25224262', 'Umeda', 'M']": 0.9999967862663451, "['43190665', '4281211', 'Umeda', 'M']": 0.9999967776036525, "['43190665', '3871491', 'Umeda', 'M']": 0.9999967775822644, "['43190665', '4276157', 'Umeda', 'M']": 0.9999967019539792, "['43190665', '41434713', 'Umeda', 'M']": 0.9999967862663451, "['43190665', '20077014', 'Umeda', 'M']": 0.9999967775822644, "['43190665', '4275898', 'Umeda', 'M']": 0.9999967019539792, "['43190665', '23386893', 'Umeda', 'M']": 0.999779178558702, "['43190665', '40537001', 'Umeda', 'M']": 0.9999967775822644, "['43190665', '4278594', 'Umeda', 'M']": 0.9999967019539792, "['25224262', '4281211', 'Umeda', 'M']": 0.9999967776036525, "['25224262', '3871491', 'Umeda', 'M']": 0.9999967862663451,