{"['4354324', '2444317', 'El-Ghazaly', 'G']": 0.9999983455041082, "['4354324', '2657122', 'El-Ghazaly', 'G']": 0.9999983703224107, "['4354324', '3687585', 'El-Ghazaly', 'G']": 0.9999983455041082, "['4354324', '23644076', 'El-Ghazaly', 'G']": 0.9989755927133764, "['4354324', '23642922', 'El-Ghazaly', 'G']": 0.9999983455041082, "['4354324', '3687364', 'El-Ghazaly', 'G']": 0.9999983455041082, "['4354324', '23643400', 'El-Ghazaly', 'G']": 0.9999983455041082, "['2444317', '2657122', 'El-Ghazaly', 'G']": 0.9999983878002695, "['2444317', '3687585', 'El-Ghazaly', 'G']": 0.9999983834545412, "['2444317', '23644076', 'El-Ghazaly', 'G']": 0.9990009989282563, "['2444317', '23642922', 'El-Ghazaly', 'G']": 0.9999983834434787, "['2444317', '3687364', 'El-Ghazaly', 'G']": 0.9999983834434787, "['2444317', '23643400', 'El-Ghazaly', 'G']": 0.9999983834434787, "['2657122', '3687585', 'El-Ghazaly', 'G']": 0.9999983834434787, "['2657122', '23644076', 'El-Ghazaly', 'G']": 0.9989990668423603, "['2657122', '23642922', 'El-Ghazaly', 'G']": 0.9999983834434787, "['2657122', '3687364', 'El-Ghazaly', 'G']": 0.9999983834434787, "['2657122', '23643400', 'El-Ghazaly', 'G']": 0.9999983834434787, "['3687585', '23644076', 'El-Ghazaly', 'G']": 0.9989990668423603, "['3687585', '23642922', 'El-Ghazaly', 'G']": 0.9999983455041082, "['3687585', '3687364', 'El-Ghazaly', 'G']": 0.9999983866108002, "['3687585', '23643400', 'El-Ghazaly', 'G']": 0.9999983911784024, "['23644076', '23642922', 'El-Ghazaly', 'G']": 0.9989990602054731, "['23644076', '3687364', 'El-Ghazaly', 'G']": 0.9989990599995741, "['23644076', '23643400', 'El-Ghazaly', 'G']": 0.9989990602054731, "['23642922', '3687364', 'El-Ghazaly', 'G']": 0.9999983455041082, "['23642922', '23643400', 'El-Ghazaly', 'G']": 0.99999838343794, "['3687364', '23643400', 'El-Ghazaly', 'G']": 0.9999983911769498}