{"['23359389', '23259034', 'Kawamura', 'K']": 0.9984248285568403, "['23359389', '24130674', 'Kawamura', 'K']": 0.9984248285568403, "['23359389', '3871679', 'Kawamura', 'K']": 0.9984248285568403, "['23359389', '3694484', 'Kawamura', 'K']": 0.9984248285568403, "['23359389', '42569130', 'Kawamura', 'K']": 0.9984248285568403, "['23259034', '24130674', 'Kawamura', 'K']": 0.9984248285568403, "['23259034', '3871679', 'Kawamura', 'K']": 0.9984248285568403, "['23259034', '3694484', 'Kawamura', 'K']": 0.9984248285568403, "['23259034', '42569130', 'Kawamura', 'K']": 0.9999986846927983, "['24130674', '3871679', 'Kawamura', 'K']": 0.9984248285568403, "['24130674', '3694484', 'Kawamura', 'K']": 0.9984248285568403, "['24130674', '42569130', 'Kawamura', 'K']": 0.9984248285568403, "['3871679', '3694484', 'Kawamura', 'K']": 0.9984248285568403, "['3871679', '42569130', 'Kawamura', 'K']": 0.9984248285568403, "['3694484', '42569130', 'Kawamura', 'K']": 0.9984248285568403}