{"['10.2307/3667073', '23724590', 'Jalas', 'J']": 0.9999965712808188, "['10.2307/3667073', '23724297', 'Jalas', 'J']": 0.9999965712808188, "['10.2307/3667073', '23726307', 'Jalas', 'J']": 0.9999965712808188, "['10.2307/3667073', '23724309', 'Jalas', 'J']": 0.9999965712808188, "['10.2307/3667073', '23725006', 'Jalas', 'J']": 0.9999965712808188, "['10.2307/3667073', '43745749', 'Jalas', 'J']": 0.9999965712808188, "['10.2307/3667073', '23725076', 'Jalas', 'J']": 0.9999965712808188, "['10.2307/3667073', '23724165', 'Jalas', 'J']": 0.9999968411384035, "['10.2307/3667073', '43745750', 'Jalas', 'J']": 0.9999965712808188, "['10.2307/3667073', '23724194', 'Jalas', 'J']": 0.9999965712808188, "['10.2307/3667073', '23726057', 'Jalas', 'J']": 0.9999965712808188, "['10.2307/3667073', '23724233', 'Jalas', 'J']": 0.9999965712808188, "['10.2307/3667073', '23725057', 'Jalas', 'J']": 0.9999965712808188, "['10.2307/3667073', '43922144', 'Jalas', 'J']": 0.9999965712808188, "['10.2307/3667073', '43922102', 'Jalas', 'J']": 0.9999965712808188, "['10.2307/3667073', '23724637', 'Jalas', 'J']": 0.9999965712808188, "['10.2307/3667073', '23726642', 'Jalas', 'J']": 0.9999965712808188, "['23724590', '23724297', 'Jalas', 'J']": 0.9999969135638169, "['23724590', '23726307', 'Jalas', 'J']": 0.9999969135638169, "['23724590', '23724309', 'Jalas', 'J']": 0.9999969135638169, "['23724590', '23725006', 'Jalas', 'J']": 0.9999969135638169, "['23724590', '43745749', 'Jalas', 'J']": 0.9999969135750272, "['23724590', '23725076', 'Jalas', 'J']": 0.9999969135638169, "['23724590', '23724165', 'Jalas', 'J']": 0.9999968883047508, "['23724590', '43745750', 'Jalas', 'J']": 0.9999969135750272, "['23724590', '23724194', 'Jalas', 'J']": 0.9999969135750272, "['23724590', '23726057', 'Jalas', 'J']": 0.9999969135750272, "['23724590', '23724233', 'Jalas', 'J']": 0.9999969135638169, "['23724590', '23725057', 'Jalas', 'J']": 0.9999969135750272, "['23724590', '43922144', 'Jalas', 'J']": 0.9999969135638169, "['23724590', '43922102', 'Jalas', 'J']": 0.9999969135638169, "['23724590', '23724637', 'Jalas', 'J']": 0.9999969135750272, "['23724590', '23726642', 'Jalas', 'J']": 0.9999969135638169, "['23724297', '23726307', 'Jalas', 'J']": 0.9999969135750272, "['23724297', '23724309', 'Jalas', 'J']": 0.9999969135638169, "['23724297', '23725006', 'Jalas', 'J']": 0.9999969135638169, "['23724297', '43745749', 'Jalas', 'J']": 0.9999969135638169, "['23724297', '23725076', 'Jalas', 'J']": 0.9999969135750272, "['23724297', '23724165', 'Jalas', 'J']": 0.9999968883047508, "['23724297', '43745750', 'Jalas', 'J']": 0.9999969135638169, "['23724297', '23724194', 'Jalas', 'J']": 0.9999969135638169, "['23724297', '23726057', 'Jalas', 'J']": 0.9999969135638169, "['23724297', '23724233', 'Jalas', 'J']": 0.9999969135638169, "['23724297', '23725057', 'Jalas', 'J']": 0.9999969135638169, "['23724297', '43922144', 'Jalas', 'J']": 0.9999969135638169, "['23724297', '43922102', 'Jalas', 'J']": 0.9999969135638169, "['23724297', '23724637', 'Jalas', 'J']": 0.9999969135638169, "['23724297', '23726642', 'Jalas', 'J']": 0.9999969135750272, "['23726307', '23724309', 'Jalas', 'J']": 0.9999969135638169, "['23726307', '23725006', 'Jalas', 'J']": 0.9999969051898161, "['23726307', '43745749', 'Jalas', 'J']": 0.9999905971768916, "['23726307', '23725076', 'Jalas', 'J']": 0.9999969135750272, "['23726307', '23724165', 'Jalas', 'J']": 0.9999967829942152, "['23726307', '43745750', 'Jalas', 'J']": 0.9999969051898161, "['23726307', '23724194', 'Jalas', 'J']": 0.9999969135638169, "['23726307', '23726057', 'Jalas', 'J']": 0.9999969051898161, "['23726307', '23724233', 'Jalas', 'J']": 0.9999969135638169, "['23726307', '23725057', 'Jalas', 'J']": 0.9999969135638169, "['23726307', '43922144', 'Jalas', 'J']": 0.9999969135638169, "['23726307', '43922102', 'Jalas', 'J']": 0.9999969135638169, "['23726307', '23724637', 'Jalas', 'J']": 0.9999969135638169, "['23726307', '23726642', 'Jalas', 'J']": 0.999998625051103, "['23724309', '23725006', 'Jalas', 'J']": 0.9999969135750272, "['23724309', '43745749', 'Jalas', 'J']": 0.999998625051103, "['23724309', '23725076', 'Jalas', 'J']": 0.9999969218926227, "['23724309', '23724165', 'Jalas', 'J']": 0.9999968883047508, "['23724309', '43745750', 'Jalas', 'J']": 0.999998625051103, "['23724309', '23724194', 'Jalas', 'J']": 0.9999986251012151, "['23724309', '23726057', 'Jalas', 'J']": 0.9999969218926227, "['23724309', '23724233', 'Jalas', 'J']": 0.9999969135638169, "['23724309', '23725057', 'Jalas', 'J']": 0.999998625051103, "['23724309', '43922144', 'Jalas', 'J']": 0.9999969135638169, "['23724309', '43922102', 'Jalas', 'J']": 0.9999969135638169, "['23724309', '23724637', 'Jalas', 'J']": 0.9999969135638169, "['23724309', '23726642', 'Jalas', 'J']": 0.9999969135638169, "['23725006', '43745749', 'Jalas', 'J']": 0.9999969135750272, "['23725006', '23725076', 'Jalas', 'J']": 0.9999969135750272, "['23725006', '23724165', 'Jalas', 'J']": 0.9999968883047508, "['23725006', '43745750', 'Jalas', 'J']": 0.9999969135750272, "['23725006', '23724194', 'Jalas', 'J']": 0.9999969135750272, "['23725006', '23726057', 'Jalas', 'J']": 0.9999969135750272, "['23725006', '23724233', 'Jalas', 'J']": 0.9999969135638169, "['23725006', '23725057', 'Jalas', 'J']": 0.9999969135750272, "['23725006', '43922144', 'Jalas', 'J']": 0.9999969135638169, "['23725006', '43922102', 'Jalas', 'J']": 0.9999969135638169, "['23725006', '23724637', 'Jalas', 'J']": 0.9999969135638169, "['23725006', '23726642', 'Jalas', 'J']": 0.9999969135638169, "['43745749', '23725076', 'Jalas', 'J']": 0.9999969218926227, "['43745749', '23724165', 'Jalas', 'J']": 0.9999968883047508, "['43745749', '43745750', 'Jalas', 'J']": 0.9999995873946338, "['43745749', '23724194', 'Jalas', 'J']": 0.9999995818121895, "['43745749', '23726057', 'Jalas', 'J']": 0.9999969218926227, "['43745749', '23724233', 'Jalas', 'J']": 0.9999969135638169, "['43745749', '23725057', 'Jalas', 'J']": 0.9999995818121895, "['43745749', '43922144', 'Jalas', 'J']": 0.9999969135638169, "['43745749', '43922102', 'Jalas', 'J']": 0.9999969135638169, "['43745749', '23724637', 'Jalas', 'J']": 0.9999969135750272, "['43745749', '23726642', 'Jalas', 'J']": 0.9999969135638169, "['23725076', '23724165', 'Jalas', 'J']": 0.9999968883503282, "['23725076', '43745750', 'Jalas', 'J']": 0.9999969218926227, "['23725076', '23724194', 'Jalas', 'J']": 0.9999969218926227, "['23725076', '23726057', 'Jalas', 'J']": 0.9999969218926227, "['23725076', '23724233', 'Jalas', 'J']": 0.9999969135750272, "['23725076', '23725057', 'Jalas', 'J']": 0.9999969218926227, "['23725076', '43922144', 'Jalas', 'J']": 0.9999969135638169, "['23725076', '43922102', 'Jalas', 'J']": 0.9999969135638169, "['23725076', '23724637', 'Jalas', 'J']": 0.9999969135638169, "['23725076', '23726642', 'Jalas', 'J']": 0.9999969135750272, "['23724165', '43745750', 'Jalas', 'J']": 0.9999968883503282, "['23724165', '23724194', 'Jalas', 'J']": 0.9999968883047508, "['23724165', '23726057', 'Jalas', 'J']": 0.9999968883047508, "['23724165', '23724233', 'Jalas', 'J']": 0.9999968883047508, "['23724165', '23725057', 'Jalas', 'J']": 0.9999968883047508, "['23724165', '43922144', 'Jalas', 'J']": 0.9999968883047508, "['23724165', '43922102', 'Jalas', 'J']": 0.9999968883047508, "['23724165', '23724637', 'Jalas', 'J']": 0.9999968883047508, "['23724165', '23726642', 'Jalas', 'J']": 0.9999968883047508, "['43745750', '23724194', 'Jalas', 'J']": 0.9999995818121895, "['43745750', '23726057', 'Jalas', 'J']": 0.9999969218926227, "['43745750', '23724233', 'Jalas', 'J']": 0.9999969135638169, "['43745750', '23725057', 'Jalas', 'J']": 0.9999995817708274, "['43745750', '43922144', 'Jalas', 'J']": 0.9999969135638169, "['43745750', '43922102', 'Jalas', 'J']": 0.9999969135638169, "['43745750', '23724637', 'Jalas', 'J']": 0.9999969135750272, "['43745750', '23726642', 'Jalas', 'J']": 0.9999969135638169, "['23724194', '23726057', 'Jalas', 'J']": 0.9999969218926227, "['23724194', '23724233', 'Jalas', 'J']": 0.9999969135638169,