{"['10.2307/1589807', '10.2307/1591397', 'Maheswaran', 'S']": 0.9980612593380263, "['10.2307/1589807', '10.2307/1589924', 'Maheswaran', 'S']": 0.9999970960335589, "['10.2307/1589807', '10.2307/1589809', 'Maheswaran', 'S']": 0.9999748076199427, "['10.2307/1589807', '10.2307/1589224', 'Maheswaran', 'S']": 0.9999785697279167, "['10.2307/1589807', '10.2307/1589767', 'Maheswaran', 'S']": 0.9999785698057524, "['10.2307/1589807', '10.2307/1589653', 'Maheswaran', 'S']": 0.9999785697279167, "['10.2307/1589807', '10.2307/1589037', 'Maheswaran', 'S']": 0.9999785697279167, "['10.2307/1589807', '10.2307/1589832', 'Maheswaran', 'S']": 0.9999932043563573, "['10.2307/1589807', '10.2307/1589271', 'Maheswaran', 'S']": 0.9999785697279167, "['10.2307/1589807', '10.2307/1589655', 'Maheswaran', 'S']": 0.9999785697279167, "['10.2307/1589807', '10.2307/1591242', 'Maheswaran', 'S']": 0.9999785697279167, "['10.2307/1589807', '10.2307/1589427', 'Maheswaran', 'S']": 0.9999785697279167, "['10.2307/1591397', '10.2307/1589924', 'Maheswaran', 'S']": 0.9980612593380263, "['10.2307/1591397', '10.2307/1589809', 'Maheswaran', 'S']": 0.9980612593380263, "['10.2307/1591397', '10.2307/1589224', 'Maheswaran', 'S']": 0.9980612663661242, "['10.2307/1591397', '10.2307/1589767', 'Maheswaran', 'S']": 0.9980612663661242, "['10.2307/1591397', '10.2307/1589653', 'Maheswaran', 'S']": 0.9980612663661242, "['10.2307/1591397', '10.2307/1589037', 'Maheswaran', 'S']": 0.9980612663661242, "['10.2307/1591397', '10.2307/1589832', 'Maheswaran', 'S']": 0.9980612593380263, "['10.2307/1591397', '10.2307/1589271', 'Maheswaran', 'S']": 0.9980612663661242, "['10.2307/1591397', '10.2307/1589655', 'Maheswaran', 'S']": 0.9980612663661242, "['10.2307/1591397', '10.2307/1591242', 'Maheswaran', 'S']": 0.9980612663661242, "['10.2307/1591397', '10.2307/1589427', 'Maheswaran', 'S']": 0.9980612593380263, "['10.2307/1589924', '10.2307/1589809', 'Maheswaran', 'S']": 0.9999970960335589, "['10.2307/1589924', '10.2307/1589224', 'Maheswaran', 'S']": 0.9999786117693615, "['10.2307/1589924', '10.2307/1589767', 'Maheswaran', 'S']": 0.9999785697279167, "['10.2307/1589924', '10.2307/1589653', 'Maheswaran', 'S']": 0.9999785697279167, "['10.2307/1589924', '10.2307/1589037', 'Maheswaran', 'S']": 0.9999786117693615, "['10.2307/1589924', '10.2307/1589832', 'Maheswaran', 'S']": 0.9999970960335589, "['10.2307/1589924', '10.2307/1589271', 'Maheswaran', 'S']": 0.9999785697279167, "['10.2307/1589924', '10.2307/1589655', 'Maheswaran', 'S']": 0.9999785697279167, "['10.2307/1589924', '10.2307/1591242', 'Maheswaran', 'S']": 0.9999785697279167, "['10.2307/1589924', '10.2307/1589427', 'Maheswaran', 'S']": 0.9999785697279167, "['10.2307/1589809', '10.2307/1589224', 'Maheswaran', 'S']": 0.9999785697279167, "['10.2307/1589809', '10.2307/1589767', 'Maheswaran', 'S']": 0.9999785698057524, "['10.2307/1589809', '10.2307/1589653', 'Maheswaran', 'S']": 0.9999785697279167, "['10.2307/1589809', '10.2307/1589037', 'Maheswaran', 'S']": 0.9999785698057524, "['10.2307/1589809', '10.2307/1589832', 'Maheswaran', 'S']": 0.9999932043563573, "['10.2307/1589809', '10.2307/1589271', 'Maheswaran', 'S']": 0.9999785697279167, "['10.2307/1589809', '10.2307/1589655', 'Maheswaran', 'S']": 0.9999785697279167, "['10.2307/1589809', '10.2307/1591242', 'Maheswaran', 'S']": 0.9999785697279167, "['10.2307/1589809', '10.2307/1589427', 'Maheswaran', 'S']": 0.9999785697279167, "['10.2307/1589224', '10.2307/1589767', 'Maheswaran', 'S']": 0.9999970963207557, "['10.2307/1589224', '10.2307/1589653', 'Maheswaran', 'S']": 0.9999786275568501, "['10.2307/1589224', '10.2307/1589037', 'Maheswaran', 'S']": 0.9999802603836642, "['10.2307/1589224', '10.2307/1589832', 'Maheswaran', 'S']": 0.9999785697279167, "['10.2307/1589224', '10.2307/1589271', 'Maheswaran', 'S']": 0.9999786275568501, "['10.2307/1589224', '10.2307/1589655', 'Maheswaran', 'S']": 0.9999970960335589, "['10.2307/1589224', '10.2307/1591242', 'Maheswaran', 'S']": 0.9999786275568501, "['10.2307/1589224', '10.2307/1589427', 'Maheswaran', 'S']": 0.9999785697279167, "['10.2307/1589767', '10.2307/1589653', 'Maheswaran', 'S']": 0.9999971350822584, "['10.2307/1589767', '10.2307/1589037', 'Maheswaran', 'S']": 0.9999786275568501, "['10.2307/1589767', '10.2307/1589832', 'Maheswaran', 'S']": 0.9999786275568501, "['10.2307/1589767', '10.2307/1589271', 'Maheswaran', 'S']": 0.9999902746450158, "['10.2307/1589767', '10.2307/1589655', 'Maheswaran', 'S']": 0.9999932044449505, "['10.2307/1589767', '10.2307/1591242', 'Maheswaran', 'S']": 0.9999786275568501, "['10.2307/1589767', '10.2307/1589427', 'Maheswaran', 'S']": 0.9999785697279167, "['10.2307/1589653', '10.2307/1589037', 'Maheswaran', 'S']": 0.9999786275568501, "['10.2307/1589653', '10.2307/1589832', 'Maheswaran', 'S']": 0.9999785697279167, "['10.2307/1589653', '10.2307/1589271', 'Maheswaran', 'S']": 0.999990453470273, "['10.2307/1589653', '10.2307/1589655', 'Maheswaran', 'S']": 0.9999932044449505, "['10.2307/1589653', '10.2307/1591242', 'Maheswaran', 'S']": 0.9999786275568501, "['10.2307/1589653', '10.2307/1589427', 'Maheswaran', 'S']": 0.9999785697279167, "['10.2307/1589037', '10.2307/1589832', 'Maheswaran', 'S']": 0.9999785697279167, "['10.2307/1589037', '10.2307/1589271', 'Maheswaran', 'S']": 0.9999786275568501, "['10.2307/1589037', '10.2307/1589655', 'Maheswaran', 'S']": 0.9999786275568501, "['10.2307/1589037', '10.2307/1591242', 'Maheswaran', 'S']": 0.9999786275568501, "['10.2307/1589037', '10.2307/1589427', 'Maheswaran', 'S']": 0.9999785698057524, "['10.2307/1589832', '10.2307/1589271', 'Maheswaran', 'S']": 0.9999785698057524, "['10.2307/1589832', '10.2307/1589655', 'Maheswaran', 'S']": 0.9999785697279167, "['10.2307/1589832', '10.2307/1591242', 'Maheswaran', 'S']": 0.9999785697279167, "['10.2307/1589832', '10.2307/1589427', 'Maheswaran', 'S']": 0.9999785697279167, "['10.2307/1589271', '10.2307/1589655', 'Maheswaran', 'S']": 0.999990453470273, "['10.2307/1589271', '10.2307/1591242', 'Maheswaran', 'S']": 0.9999786275568501, "['10.2307/1589271', '10.2307/1589427', 'Maheswaran', 'S']": 0.9999785697279167, "['10.2307/1589655', '10.2307/1591242', 'Maheswaran', 'S']": 0.9999786275568501, "['10.2307/1589655', '10.2307/1589427', 'Maheswaran', 'S']": 0.9999785697279167, "['10.2307/1591242', '10.2307/1589427', 'Maheswaran', 'S']": 0.9999785697279167}