{"['23034214', '4535944', 'Rudolfsen', 'G']": 0.9999827622158577, "['23034214', '40295212', 'Rudolfsen', 'G']": 0.9984002750539652, "['23034214', '25063552', 'Rudolfsen', 'G']": 0.9997870316826346, "['23034214', '23360213', 'Rudolfsen', 'G']": 0.9984369118672067, "['23034214', '25511726', 'Rudolfsen', 'G']": 0.9984369011873137, "['23034214', '40863213', 'Rudolfsen', 'G']": 0.9984369011873137, "['23034214', '40306319', 'Rudolfsen', 'G']": 0.9984369118672067, "['23034214', '30244431', 'Rudolfsen', 'G']": 0.9984002750539652, "['23034214', '30244446', 'Rudolfsen', 'G']": 0.9984002750539652, "['23034214', '3677606', 'Rudolfsen', 'G']": 0.9984002750539652, "['23034214', '24874063', 'Rudolfsen', 'G']": 0.9999827283917084, "['23034214', '40235214', 'Rudolfsen', 'G']": 0.9984002750539652, "['23034214', '24872982', 'Rudolfsen', 'G']": 0.9984369011873137, "['4535944', '40295212', 'Rudolfsen', 'G']": 0.9984002750539652, "['4535944', '25063552', 'Rudolfsen', 'G']": 0.9984002750539652, "['4535944', '23360213', 'Rudolfsen', 'G']": 0.9984002750539652, "['4535944', '25511726', 'Rudolfsen', 'G']": 0.9984002750539652, "['4535944', '40863213', 'Rudolfsen', 'G']": 0.9984002750539652, "['4535944', '40306319', 'Rudolfsen', 'G']": 0.9984002750539652, "['4535944', '30244431', 'Rudolfsen', 'G']": 0.9984443673004765, "['4535944', '30244446', 'Rudolfsen', 'G']": 0.9984002750539652, "['4535944', '3677606', 'Rudolfsen', 'G']": 0.9984341509018857, "['4535944', '24874063', 'Rudolfsen', 'G']": 0.9999826979550358, "['4535944', '40235214', 'Rudolfsen', 'G']": 0.9984341509018857, "['4535944', '24872982', 'Rudolfsen', 'G']": 0.9984002750539652, "['40295212', '25063552', 'Rudolfsen', 'G']": 0.9999974790630242, "['40295212', '23360213', 'Rudolfsen', 'G']": 0.9999974741076897, "['40295212', '25511726', 'Rudolfsen', 'G']": 0.9999974741168641, "['40295212', '40863213', 'Rudolfsen', 'G']": 0.9999974809238614, "['40295212', '40306319', 'Rudolfsen', 'G']": 0.9999974148358017, "['40295212', '30244431', 'Rudolfsen', 'G']": 0.9999974148358017, "['40295212', '30244446', 'Rudolfsen', 'G']": 0.9999974790141335, "['40295212', '3677606', 'Rudolfsen', 'G']": 0.9999974741163439, "['40295212', '24874063', 'Rudolfsen', 'G']": 0.9984002750539652, "['40295212', '40235214', 'Rudolfsen', 'G']": 0.9999974148358017, "['40295212', '24872982', 'Rudolfsen', 'G']": 0.9999974148358017, "['25063552', '23360213', 'Rudolfsen', 'G']": 0.9999974741168641, "['25063552', '25511726', 'Rudolfsen', 'G']": 0.9999974790653068, "['25063552', '40863213', 'Rudolfsen', 'G']": 0.9999974809238614, "['25063552', '40306319', 'Rudolfsen', 'G']": 0.9999974741163439, "['25063552', '30244431', 'Rudolfsen', 'G']": 0.9999974148358017, "['25063552', '30244446', 'Rudolfsen', 'G']": 0.9999974148358017, "['25063552', '3677606', 'Rudolfsen', 'G']": 0.9999974148358017, "['25063552', '24874063', 'Rudolfsen', 'G']": 0.9984002750539652, "['25063552', '40235214', 'Rudolfsen', 'G']": 0.9999974148358017, "['25063552', '24872982', 'Rudolfsen', 'G']": 0.9999974741163439, "['23360213', '25511726', 'Rudolfsen', 'G']": 0.9999974741168641, "['23360213', '40863213', 'Rudolfsen', 'G']": 0.9999992892283256, "['23360213', '40306319', 'Rudolfsen', 'G']": 0.9999992726701822, "['23360213', '30244431', 'Rudolfsen', 'G']": 0.9999974696650717, "['23360213', '30244446', 'Rudolfsen', 'G']": 0.9999974536192374, "['23360213', '3677606', 'Rudolfsen', 'G']": 0.9999974696650717, "['23360213', '24874063', 'Rudolfsen', 'G']": 0.9984369011873137, "['23360213', '40235214', 'Rudolfsen', 'G']": 0.9999974696650717, "['23360213', '24872982', 'Rudolfsen', 'G']": 0.9999974861999488, "['25511726', '40863213', 'Rudolfsen', 'G']": 0.9999974809238614, "['25511726', '40306319', 'Rudolfsen', 'G']": 0.9999974741163439, "['25511726', '30244431', 'Rudolfsen', 'G']": 0.9999974148358017, "['25511726', '30244446', 'Rudolfsen', 'G']": 0.9999974148358017, "['25511726', '3677606', 'Rudolfsen', 'G']": 0.9999974148358017, "['25511726', '24874063', 'Rudolfsen', 'G']": 0.9984369011873137, "['25511726', '40235214', 'Rudolfsen', 'G']": 0.9999974148358017, "['25511726', '24872982', 'Rudolfsen', 'G']": 0.9999974741163439, "['40863213', '40306319', 'Rudolfsen', 'G']": 0.9999982235023341, "['40863213', '30244431', 'Rudolfsen', 'G']": 0.9999974696650717, "['40863213', '30244446', 'Rudolfsen', 'G']": 0.9999988503964934, "['40863213', '3677606', 'Rudolfsen', 'G']": 0.9999974861999488, "['40863213', '24874063', 'Rudolfsen', 'G']": 0.9984002750539652, "['40863213', '40235214', 'Rudolfsen', 'G']": 0.9999974148358017, "['40863213', '24872982', 'Rudolfsen', 'G']": 0.9999974861999488, "['40306319', '30244431', 'Rudolfsen', 'G']": 0.9999974861999488, "['40306319', '30244446', 'Rudolfsen', 'G']": 0.9999965544274436, "['40306319', '3677606', 'Rudolfsen', 'G']": 0.9999974696650717, "['40306319', '24874063', 'Rudolfsen', 'G']": 0.9984369011873137, "['40306319', '40235214', 'Rudolfsen', 'G']": 0.9999974148358017, "['40306319', '24872982', 'Rudolfsen', 'G']": 0.9999974861999488, "['30244431', '30244446', 'Rudolfsen', 'G']": 0.9999974741076897, "['30244431', '3677606', 'Rudolfsen', 'G']": 0.9999993651520036, "['30244431', '24874063', 'Rudolfsen', 'G']": 0.9984002750539652, "['30244431', '40235214', 'Rudolfsen', 'G']": 0.999999291914178, "['30244431', '24872982', 'Rudolfsen', 'G']": 0.9999974696650717, "['30244446', '3677606', 'Rudolfsen', 'G']": 0.9999974741168641, "['30244446', '24874063', 'Rudolfsen', 'G']": 0.9984002750539652, "['30244446', '40235214', 'Rudolfsen', 'G']": 0.9999974148358017, "['30244446', '24872982', 'Rudolfsen', 'G']": 0.9999974148358017, "['3677606', '24874063', 'Rudolfsen', 'G']": 0.9984002750539652, "['3677606', '40235214', 'Rudolfsen', 'G']": 0.9999992919148983, "['3677606', '24872982', 'Rudolfsen', 'G']": 0.9999974696650717, "['24874063', '40235214', 'Rudolfsen', 'G']": 0.9984002750539652, "['24874063', '24872982', 'Rudolfsen', 'G']": 0.9984411073435081, "['40235214', '24872982', 'Rudolfsen', 'G']": 0.9999974148358017}