{"['10.2307/1547456', '10.2307/1547346', 'Camloh', 'M']": 0.9999997635919694, "['10.2307/1547456', '4293866', 'Camloh', 'M']": 0.9999992432437455, "['10.2307/1547346', '4293866', 'Camloh', 'M']": 0.9999992432437455}