{"['2459193', '1469916', 'Santos', 'E']": 0.9852242977065023, "['2459193', '20492511', 'Santos', 'E']": 0.9852242977065023, "['2459193', '2459343', 'Santos', 'E']": 0.9999964122284644, "['2459193', '4092435', 'Santos', 'E']": 0.9852242977065023, "['2459193', '3496615', 'Santos', 'E']": 0.9852242977065023, "['2459193', '3682805', 'Santos', 'E']": 0.9852242977065023, "['2459193', '30117465', 'Santos', 'E']": 0.9940706856842261, "['2459193', '41332061', 'Santos', 'E']": 0.9852242977065023, "['2459193', '2588534', 'Santos', 'E']": 0.999838077568829, "['2459193', '10.2307/4111080', 'Santos', 'E']": 0.9999721709688487, "['2459193', '41508719', 'Santos', 'E']": 0.9852242977065023, "['2459193', '3871927', 'Santos', 'E']": 0.9940706856842261, "['2459193', '10.1086/515846', 'Santos', 'E']": 0.9839822424612992, "['2459193', '42949636', 'Santos', 'E']": 0.9993559270832937, "['2459193', '10.2307/4115862', 'Santos', 'E']": 0.9999721709688487, "['2459193', '42596853', 'Santos', 'E']": 0.9839822424612992, "['2459193', '42596854', 'Santos', 'E']": 0.9839822424612992, "['1469916', '20492511', 'Santos', 'E']": 0.9717953223263845, "['1469916', '2459343', 'Santos', 'E']": 0.9852242977065023, "['1469916', '4092435', 'Santos', 'E']": 0.972424251953651, "['1469916', '3496615', 'Santos', 'E']": 0.9717953223263845, "['1469916', '3682805', 'Santos', 'E']": 0.9717953223263845, "['1469916', '30117465', 'Santos', 'E']": 0.988847428982534, "['1469916', '41332061', 'Santos', 'E']": 0.9724244354565861, "['1469916', '2588534', 'Santos', 'E']": 0.9852242977065023, "['1469916', '10.2307/4111080', 'Santos', 'E']": 0.9852242977065023, "['1469916', '41508719', 'Santos', 'E']": 0.9717953223263845, "['1469916', '3871927', 'Santos', 'E']": 0.9885886728957726, "['1469916', '10.1086/515846', 'Santos', 'E']": 0.969459411325263, "['1469916', '42949636', 'Santos', 'E']": 0.9885886728957726, "['1469916', '10.2307/4115862', 'Santos', 'E']": 0.9852242977065023, "['1469916', '42596853', 'Santos', 'E']": 0.9984062932774321, "['1469916', '42596854', 'Santos', 'E']": 0.9984062932774321, "['20492511', '2459343', 'Santos', 'E']": 0.9852242977065023, "['20492511', '4092435', 'Santos', 'E']": 0.9717953223263845, "['20492511', '3496615', 'Santos', 'E']": 0.9717953223263845, "['20492511', '3682805', 'Santos', 'E']": 0.9950372942615373, "['20492511', '30117465', 'Santos', 'E']": 0.9885886728957726, "['20492511', '41332061', 'Santos', 'E']": 0.9717953223263845, "['20492511', '2588534', 'Santos', 'E']": 0.9852242977065023, "['20492511', '10.2307/4111080', 'Santos', 'E']": 0.9852242977065023, "['20492511', '41508719', 'Santos', 'E']": 0.9723769984639901, "['20492511', '3871927', 'Santos', 'E']": 0.9885886728957726, "['20492511', '10.1086/515846', 'Santos', 'E']": 0.969459411325263, "['20492511', '42949636', 'Santos', 'E']": 0.9885886728957726, "['20492511', '10.2307/4115862', 'Santos', 'E']": 0.9852242977065023, "['20492511', '42596853', 'Santos', 'E']": 0.9946156178386142, "['20492511', '42596854', 'Santos', 'E']": 0.9946156178386142, "['2459343', '4092435', 'Santos', 'E']": 0.9852242977065023, "['2459343', '3496615', 'Santos', 'E']": 0.9852242977065023, "['2459343', '3682805', 'Santos', 'E']": 0.9852242977065023, "['2459343', '30117465', 'Santos', 'E']": 0.9940706856842261, "['2459343', '41332061', 'Santos', 'E']": 0.9852242977065023, "['2459343', '2588534', 'Santos', 'E']": 0.999838077568829, "['2459343', '10.2307/4111080', 'Santos', 'E']": 0.9999721709688487, "['2459343', '41508719', 'Santos', 'E']": 0.9852242977065023, "['2459343', '3871927', 'Santos', 'E']": 0.9940706856842261, "['2459343', '10.1086/515846', 'Santos', 'E']": 0.9839822424612992, "['2459343', '42949636', 'Santos', 'E']": 0.9993559270832937, "['2459343', '10.2307/4115862', 'Santos', 'E']": 0.9999721709688487, "['2459343', '42596853', 'Santos', 'E']": 0.9839822424612992, "['2459343', '42596854', 'Santos', 'E']": 0.9839822424612992, "['4092435', '3496615', 'Santos', 'E']": 0.9999943920177484, "['4092435', '3682805', 'Santos', 'E']": 0.9717953223263845, "['4092435', '30117465', 'Santos', 'E']": 0.9885886728957726, "['4092435', '41332061', 'Santos', 'E']": 0.9950372942615373, "['4092435', '2588534', 'Santos', 'E']": 0.9852242977065023, "['4092435', '10.2307/4111080', 'Santos', 'E']": 0.9852242977065023, "['4092435', '41508719', 'Santos', 'E']": 0.9717953223263845, "['4092435', '3871927', 'Santos', 'E']": 0.9885886728957726, "['4092435', '10.1086/515846', 'Santos', 'E']": 0.969459411325263, "['4092435', '42949636', 'Santos', 'E']": 0.9885886728957726, "['4092435', '10.2307/4115862', 'Santos', 'E']": 0.9852242977065023, "['4092435', '42596853', 'Santos', 'E']": 0.969459411325263, "['4092435', '42596854', 'Santos', 'E']": 0.969459411325263, "['3496615', '3682805', 'Santos', 'E']": 0.9717953223263845, "['3496615', '30117465', 'Santos', 'E']": 0.9885886728957726, "['3496615', '41332061', 'Santos', 'E']": 0.9951505427567849, "['3496615', '2588534', 'Santos', 'E']": 0.9852242977065023, "['3496615', '10.2307/4111080', 'Santos', 'E']": 0.9855582277941379, "['3496615', '41508719', 'Santos', 'E']": 0.9717953223263845, "['3496615', '3871927', 'Santos', 'E']": 0.9885886728957726, "['3496615', '10.1086/515846', 'Santos', 'E']": 0.969459411325263, "['3496615', '42949636', 'Santos', 'E']": 0.9885886728957726, "['3496615', '10.2307/4115862', 'Santos', 'E']": 0.9855582277941379, "['3496615', '42596853', 'Santos', 'E']": 0.969459411325263, "['3496615', '42596854', 'Santos', 'E']": 0.969459411325263, "['3682805', '30117465', 'Santos', 'E']": 0.9885886728957726, "['3682805', '41332061', 'Santos', 'E']": 0.9717953223263845, "['3682805', '2588534', 'Santos', 'E']": 0.9852242977065023, "['3682805', '10.2307/4111080', 'Santos', 'E']": 0.9855582277941379, "['3682805', '41508719', 'Santos', 'E']": 0.9983821529326977, "['3682805', '3871927', 'Santos', 'E']": 0.9994044522336727, "['3682805', '10.1086/515846', 'Santos', 'E']": 0.969459411325263, "['3682805', '42949636', 'Santos', 'E']": 0.9885886728957726, "['3682805', '10.2307/4115862', 'Santos', 'E']": 0.9855582277941379, "['3682805', '42596853', 'Santos', 'E']": 0.9946156178386142, "['3682805', '42596854', 'Santos', 'E']": 0.9946156178386142, "['30117465', '41332061', 'Santos', 'E']": 0.988847428982534, "['30117465', '2588534', 'Santos', 'E']": 0.9940706856842261, "['30117465', '10.2307/4111080', 'Santos', 'E']": 0.9940706856842261, "['30117465', '41508719', 'Santos', 'E']": 0.9885886728957726, "['30117465', '3871927', 'Santos', 'E']": 0.9962253711425908, "['30117465', '10.1086/515846', 'Santos', 'E']": 0.9876258772109482, "['30117465', '42949636', 'Santos', 'E']": 0.9962253711425908, "['30117465', '10.2307/4115862', 'Santos', 'E']": 0.9940706856842261, "['30117465', '42596853', 'Santos', 'E']": 0.9887572988999153, "['30117465', '42596854', 'Santos', 'E']": 0.9887576056654628, "['41332061', '2588534', 'Santos', 'E']": 0.9852242977065023, "['41332061', '10.2307/4111080', 'Santos', 'E']": 0.9855582277941379, "['41332061', '41508719', 'Santos', 'E']": 0.9717953223263845, "['41332061', '3871927', 'Santos', 'E']": 0.9994044522336727, "['41332061', '10.1086/515846', 'Santos', 'E']": 0.969459411325263, "['41332061', '42949636', 'Santos', 'E']": 0.9885886728957726, "['41332061', '10.2307/4115862', 'Santos', 'E']": 0.9855582277941379, "['41332061', '42596853', 'Santos', 'E']": 0.9722051277861888, "['41332061', '42596854', 'Santos', 'E']": 0.9722051277861888, "['2588534', '10.2307/4111080', 'Santos', 'E']": 0.999838077568829, "['2588534', '41508719', 'Santos', 'E']": 0.9852242977065023, "['2588534', '3871927', 'Santos', 'E']": 0.9940706856842261, "['2588534', '10.1086/515846', 'Santos', 'E']": 0.9839822424612992, "['2588534', '42949636', 'Santos', 'E']": 0.9997980821541489, "['2588534', '10.2307/4115862', 'Santos', 'E']": 0.999838077568829, "['2588534', '42596853', 'Santos', 'E']": 0.9839822424612992, "['2588534', '42596854', 'Santos', 'E']": 0.9839822424612992, "['10.2307/4111080', '41508719', 'Santos', 'E']": 0.9852242977065023,