{"['2460487', '2460277', 'Hallett', 'J']": 0.9999972568421277, "['2460487', '2641844', 'Hallett', 'J']": 0.9999972568515263, "['2460487', '10.2307/1938867', 'Hallett', 'J']": 0.9999971924719607, "['2460487', '10.2307/3809244', 'Hallett', 'J']": 0.9999971924719607, "['2460487', '10.2307/1382778', 'Hallett', 'J']": 0.9999971924719607, "['2460487', '10.2307/3503954', 'Hallett', 'J']": 0.9999136661698144, "['2460487', '10.2307/3544580', 'Hallett', 'J']": 0.9999971924719607, "['2460487', '10.2307/3544642', 'Hallett', 'J']": 0.9999971924719607, "['2460487', '4219806', 'Hallett', 'J']": 0.9999971924719607, "['2460487', '41717077', 'Hallett', 'J']": 0.9606809659490557, "['2460277', '2641844', 'Hallett', 'J']": 0.9999971924719607, "['2460277', '10.2307/1938867', 'Hallett', 'J']": 0.9999971924719607, "['2460277', '10.2307/3809244', 'Hallett', 'J']": 0.9999971924719607, "['2460277', '10.2307/1382778', 'Hallett', 'J']": 0.9999971924719607, "['2460277', '10.2307/3503954', 'Hallett', 'J']": 0.9998871116063371, "['2460277', '10.2307/3544580', 'Hallett', 'J']": 0.9999972568515263, "['2460277', '10.2307/3544642', 'Hallett', 'J']": 0.9999972568515263, "['2460277', '4219806', 'Hallett', 'J']": 0.9999971924719607, "['2460277', '41717077', 'Hallett', 'J']": 0.9606835506229839, "['2641844', '10.2307/1938867', 'Hallett', 'J']": 0.9999971924719607, "['2641844', '10.2307/3809244', 'Hallett', 'J']": 0.9999971924719607, "['2641844', '10.2307/1382778', 'Hallett', 'J']": 0.9999971924719607, "['2641844', '10.2307/3503954', 'Hallett', 'J']": 0.9999136661698144, "['2641844', '10.2307/3544580', 'Hallett', 'J']": 0.9999971924719607, "['2641844', '10.2307/3544642', 'Hallett', 'J']": 0.9999971924719607, "['2641844', '4219806', 'Hallett', 'J']": 0.9999971924719607, "['2641844', '41717077', 'Hallett', 'J']": 0.9606809659490557, "['10.2307/1938867', '10.2307/3809244', 'Hallett', 'J']": 0.9999971924719607, "['10.2307/1938867', '10.2307/1382778', 'Hallett', 'J']": 0.9999971924719607, "['10.2307/1938867', '10.2307/3503954', 'Hallett', 'J']": 0.9999941977868514, "['10.2307/1938867', '10.2307/3544580', 'Hallett', 'J']": 0.9999972568702983, "['10.2307/1938867', '10.2307/3544642', 'Hallett', 'J']": 0.9999972621705999, "['10.2307/1938867', '4219806', 'Hallett', 'J']": 0.9999971924719607, "['10.2307/1938867', '41717077', 'Hallett', 'J']": 0.9606731274481091, "['10.2307/3809244', '10.2307/1382778', 'Hallett', 'J']": 0.9999972520173773, "['10.2307/3809244', '10.2307/3503954', 'Hallett', 'J']": 0.9999136661698144, "['10.2307/3809244', '10.2307/3544580', 'Hallett', 'J']": 0.9999972699745042, "['10.2307/3809244', '10.2307/3544642', 'Hallett', 'J']": 0.9999971924719607, "['10.2307/3809244', '4219806', 'Hallett', 'J']": 0.9999971924719607, "['10.2307/3809244', '41717077', 'Hallett', 'J']": 0.9606809659490557, "['10.2307/1382778', '10.2307/3503954', 'Hallett', 'J']": 0.9999941977868514, "['10.2307/1382778', '10.2307/3544580', 'Hallett', 'J']": 0.9999972520173773, "['10.2307/1382778', '10.2307/3544642', 'Hallett', 'J']": 0.9999971924719607, "['10.2307/1382778', '4219806', 'Hallett', 'J']": 0.9999971924719607, "['10.2307/1382778', '41717077', 'Hallett', 'J']": 0.9606731274481091, "['10.2307/3503954', '10.2307/3544580', 'Hallett', 'J']": 0.9999136661698144, "['10.2307/3503954', '10.2307/3544642', 'Hallett', 'J']": 0.9999136661698144, "['10.2307/3503954', '4219806', 'Hallett', 'J']": 0.9999136661698144, "['10.2307/3503954', '41717077', 'Hallett', 'J']": 0.9606081228236069, "['10.2307/3544580', '10.2307/3544642', 'Hallett', 'J']": 0.9999987779753255, "['10.2307/3544580', '4219806', 'Hallett', 'J']": 0.9999972568515263, "['10.2307/3544580', '41717077', 'Hallett', 'J']": 0.9606809659490557, "['10.2307/3544642', '4219806', 'Hallett', 'J']": 0.9999972568702983, "['10.2307/3544642', '41717077', 'Hallett', 'J']": 0.9606809659490557, "['4219806', '41717077', 'Hallett', 'J']": 0.9606809659490557}