{"['10.2307/4510849', '40601158', 'MacDonald', 'M']": 0.9742793083345496, "['10.2307/4510849', '10.2307/3284464', 'MacDonald', 'M']": 0.9742793083345496, "['10.2307/4510849', '3554603', 'MacDonald', 'M']": 0.9418404443206292, "['10.2307/4510849', '10.2307/3894476', 'MacDonald', 'M']": 0.9413878960616062, "['10.2307/4510849', '4299253', 'MacDonald', 'M']": 0.9742793083345496, "['10.2307/4510849', '10.2307/3893981', 'MacDonald', 'M']": 0.9662338562197466, "['10.2307/4510849', '23390593', 'MacDonald', 'M']": 0.9455882427613215, "['10.2307/4510849', '23389825', 'MacDonald', 'M']": 0.9455882427613215, "['10.2307/4510849', '2556687', 'MacDonald', 'M']": 0.9455882427613215, "['10.2307/4510849', '2433037', 'MacDonald', 'M']": 0.9455882427613215, "['10.2307/4510849', '23389827', 'MacDonald', 'M']": 0.9455882427613215, "['10.2307/4510849', '2433038', 'MacDonald', 'M']": 0.966262470591947, "['10.2307/4510849', '2557044', 'MacDonald', 'M']": 0.9455882427613215, "['10.2307/4510849', '10.2307/3676262', 'MacDonald', 'M']": 0.9662339954029031, "['10.2307/4510849', '40606628', 'MacDonald', 'M']": 0.9855689343829896, "['10.2307/4510849', '10.2307/3869344', 'MacDonald', 'M']": 0.9455882427613215, "['10.2307/4510849', '10.2307/3675985', 'MacDonald', 'M']": 0.9662339954029031, "['10.2307/4510849', '23389484', 'MacDonald', 'M']": 0.9455882427613215, "['10.2307/4510849', '42568923', 'MacDonald', 'M']": 0.9455882427613215, "['10.2307/4510849', '23311621', 'MacDonald', 'M']": 0.966262470591947, "['40601158', '10.2307/3284464', 'MacDonald', 'M']": 0.9957337143068559, "['40601158', '3554603', 'MacDonald', 'M']": 0.9871151781274797, "['40601158', '10.2307/3894476', 'MacDonald', 'M']": 0.9865841577870468, "['40601158', '4299253', 'MacDonald', 'M']": 0.9957337143068559, "['40601158', '10.2307/3893981', 'MacDonald', 'M']": 0.9933002619792652, "['40601158', '23390593', 'MacDonald', 'M']": 0.9871151781274797, "['40601158', '23389825', 'MacDonald', 'M']": 0.9871151781274797, "['40601158', '2556687', 'MacDonald', 'M']": 0.9871151781274797, "['40601158', '2433037', 'MacDonald', 'M']": 0.9871151781274797, "['40601158', '23389827', 'MacDonald', 'M']": 0.9871151781274797, "['40601158', '2433038', 'MacDonald', 'M']": 0.9933002619792652, "['40601158', '2557044', 'MacDonald', 'M']": 0.9871151781274797, "['40601158', '10.2307/3676262', 'MacDonald', 'M']": 0.9933002619792652, "['40601158', '40606628', 'MacDonald', 'M']": 0.9977909123460194, "['40601158', '10.2307/3869344', 'MacDonald', 'M']": 0.9871151781274797, "['40601158', '10.2307/3675985', 'MacDonald', 'M']": 0.9933002619792652, "['40601158', '23389484', 'MacDonald', 'M']": 0.9871151781274797, "['40601158', '42568923', 'MacDonald', 'M']": 0.9871151781274797, "['40601158', '23311621', 'MacDonald', 'M']": 0.9933002619792652, "['10.2307/3284464', '3554603', 'MacDonald', 'M']": 0.9871151781274797, "['10.2307/3284464', '10.2307/3894476', 'MacDonald', 'M']": 0.9865841577870468, "['10.2307/3284464', '4299253', 'MacDonald', 'M']": 0.9957337143068559, "['10.2307/3284464', '10.2307/3893981', 'MacDonald', 'M']": 0.9933002619792652, "['10.2307/3284464', '23390593', 'MacDonald', 'M']": 0.9871151781274797, "['10.2307/3284464', '23389825', 'MacDonald', 'M']": 0.9871151781274797, "['10.2307/3284464', '2556687', 'MacDonald', 'M']": 0.9874069206388532, "['10.2307/3284464', '2433037', 'MacDonald', 'M']": 0.9871151781274797, "['10.2307/3284464', '23389827', 'MacDonald', 'M']": 0.9871151781274797, "['10.2307/3284464', '2433038', 'MacDonald', 'M']": 0.9933002619792652, "['10.2307/3284464', '2557044', 'MacDonald', 'M']": 0.9871151781274797, "['10.2307/3284464', '10.2307/3676262', 'MacDonald', 'M']": 0.9933002619792652, "['10.2307/3284464', '40606628', 'MacDonald', 'M']": 0.9977909123460194, "['10.2307/3284464', '10.2307/3869344', 'MacDonald', 'M']": 0.9871151781274797, "['10.2307/3284464', '10.2307/3675985', 'MacDonald', 'M']": 0.9933002619792652, "['10.2307/3284464', '23389484', 'MacDonald', 'M']": 0.9871151781274797, "['10.2307/3284464', '42568923', 'MacDonald', 'M']": 0.9871151781274797, "['10.2307/3284464', '23311621', 'MacDonald', 'M']": 0.9933002619792652, "['3554603', '10.2307/3894476', 'MacDonald', 'M']": 0.9946096566345435, "['3554603', '4299253', 'MacDonald', 'M']": 0.9871151781274797, "['3554603', '10.2307/3893981', 'MacDonald', 'M']": 0.9970941574155457, "['3554603', '23390593', 'MacDonald', 'M']": 0.9682230777566985, "['3554603', '23389825', 'MacDonald', 'M']": 0.9682230777566985, "['3554603', '2556687', 'MacDonald', 'M']": 0.9682230777566985, "['3554603', '2433037', 'MacDonald', 'M']": 0.9682230777566985, "['3554603', '23389827', 'MacDonald', 'M']": 0.9682230777566985, "['3554603', '2433038', 'MacDonald', 'M']": 0.9833237041413998, "['3554603', '2557044', 'MacDonald', 'M']": 0.9689291172094343, "['3554603', '10.2307/3676262', 'MacDonald', 'M']": 0.9970941574155457, "['3554603', '40606628', 'MacDonald', 'M']": 0.9934528885790221, "['3554603', '10.2307/3869344', 'MacDonald', 'M']": 0.9682230777566985, "['3554603', '10.2307/3675985', 'MacDonald', 'M']": 0.9970941574155457, "['3554603', '23389484', 'MacDonald', 'M']": 0.9682230777566985, "['3554603', '42568923', 'MacDonald', 'M']": 0.9682230777566985, "['3554603', '23311621', 'MacDonald', 'M']": 0.9833237041413998, "['10.2307/3894476', '4299253', 'MacDonald', 'M']": 0.9865841577870468, "['10.2307/3894476', '10.2307/3893981', 'MacDonald', 'M']": 0.9999358480082666, "['10.2307/3894476', '23390593', 'MacDonald', 'M']": 0.9712598473909619, "['10.2307/3894476', '23389825', 'MacDonald', 'M']": 0.9712598473909619, "['10.2307/3894476', '2556687', 'MacDonald', 'M']": 0.9712598473909619, "['10.2307/3894476', '2433037', 'MacDonald', 'M']": 0.9712598473909619, "['10.2307/3894476', '23389827', 'MacDonald', 'M']": 0.9712598473909619, "['10.2307/3894476', '2433038', 'MacDonald', 'M']": 0.9996264319047046, "['10.2307/3894476', '2557044', 'MacDonald', 'M']": 0.9712598473909619, "['10.2307/3894476', '10.2307/3676262', 'MacDonald', 'M']": 0.9999343429775203, "['10.2307/3894476', '40606628', 'MacDonald', 'M']": 0.9998435941148531, "['10.2307/3894476', '10.2307/3869344', 'MacDonald', 'M']": 0.9712598473909619, "['10.2307/3894476', '10.2307/3675985', 'MacDonald', 'M']": 0.9999343429775203, "['10.2307/3894476', '23389484', 'MacDonald', 'M']": 0.9712598473909619, "['10.2307/3894476', '42568923', 'MacDonald', 'M']": 0.9712598473909619, "['10.2307/3894476', '23311621', 'MacDonald', 'M']": 0.9996264319047046, "['4299253', '10.2307/3893981', 'MacDonald', 'M']": 0.9933002619792652, "['4299253', '23390593', 'MacDonald', 'M']": 0.9871151781274797, "['4299253', '23389825', 'MacDonald', 'M']": 0.9871151781274797, "['4299253', '2556687', 'MacDonald', 'M']": 0.9871151781274797, "['4299253', '2433037', 'MacDonald', 'M']": 0.9871151781274797, "['4299253', '23389827', 'MacDonald', 'M']": 0.9871151781274797, "['4299253', '2433038', 'MacDonald', 'M']": 0.9933002619792652, "['4299253', '2557044', 'MacDonald', 'M']": 0.9871151781274797, "['4299253', '10.2307/3676262', 'MacDonald', 'M']": 0.9933002619792652, "['4299253', '40606628', 'MacDonald', 'M']": 0.9977909123460194, "['4299253', '10.2307/3869344', 'MacDonald', 'M']": 0.9871151781274797, "['4299253', '10.2307/3675985', 'MacDonald', 'M']": 0.9933002619792652, "['4299253', '23389484', 'MacDonald', 'M']": 0.9871151781274797, "['4299253', '42568923', 'MacDonald', 'M']": 0.9871151781274797, "['4299253', '23311621', 'MacDonald', 'M']": 0.9934528885790221, "['10.2307/3893981', '23390593', 'MacDonald', 'M']": 0.9833237041413998, "['10.2307/3893981', '23389825', 'MacDonald', 'M']": 0.9833237041413998, "['10.2307/3893981', '2556687', 'MacDonald', 'M']": 0.9833237041413998, "['10.2307/3893981', '2433037', 'MacDonald', 'M']": 0.9833237041413998, "['10.2307/3893981', '23389827', 'MacDonald', 'M']": 0.9833237041413998, "['10.2307/3893981', '2433038', 'MacDonald', 'M']": 0.9998169001949863, "['10.2307/3893981', '2557044', 'MacDonald', 'M']": 0.9833237041413998,