{"['10.2307/2420563', '23322902', 'Foster', 'T']": 0.9896539954441181, "['10.2307/2420563', '10.2307/1930587', 'Foster', 'T']": 0.993602643035066, "['10.2307/2420563', '4034191', 'Foster', 'T']": 0.9552353050360846, "['10.2307/2420563', '20171365', 'Foster', 'T']": 0.9580513567292007, "['10.2307/2420563', '10.2307/3870746', 'Foster', 'T']": 0.9816493474165726, "['10.2307/2420563', '20062337', 'Foster', 'T']": 0.9596326856479591, "['10.2307/2420563', '25224315', 'Foster', 'T']": 0.9816493474165726, "['10.2307/2420563', '3871622', 'Foster', 'T']": 0.9580513567292007, "['10.2307/2420563', '41679660', 'Foster', 'T']": 0.9552353050360846, "['23322902', '10.2307/1930587', 'Foster', 'T']": 0.9921043549735837, "['23322902', '4034191', 'Foster', 'T']": 0.9843122805905229, "['23322902', '20171365', 'Foster', 'T']": 0.9857084533444326, "['23322902', '10.2307/3870746', 'Foster', 'T']": 0.9948790380685761, "['23322902', '20062337', 'Foster', 'T']": 0.9375635324501388, "['23322902', '25224315', 'Foster', 'T']": 0.9948790380685761, "['23322902', '3871622', 'Foster', 'T']": 0.9857084533444326, "['23322902', '41679660', 'Foster', 'T']": 0.9843122805905229, "['10.2307/1930587', '4034191', 'Foster', 'T']": 0.9907022822349453, "['10.2307/1930587', '20171365', 'Foster', 'T']": 0.9907022822349453, "['10.2307/1930587', '10.2307/3870746', 'Foster', 'T']": 0.9962813151994083, "['10.2307/1930587', '20062337', 'Foster', 'T']": 0.9660300426128932, "['10.2307/1930587', '25224315', 'Foster', 'T']": 0.9962813151994083, "['10.2307/1930587', '3871622', 'Foster', 'T']": 0.9907022822349453, "['10.2307/1930587', '41679660', 'Foster', 'T']": 0.9907022822349453, "['4034191', '20171365', 'Foster', 'T']": 0.9821618595556836, "['4034191', '10.2307/3870746', 'Foster', 'T']": 0.9928284191027041, "['4034191', '20062337', 'Foster', 'T']": 0.9999938423259443, "['4034191', '25224315', 'Foster', 'T']": 0.9928284191027041, "['4034191', '3871622', 'Foster', 'T']": 0.9821618595556836, "['4034191', '41679660', 'Foster', 'T']": 0.999999657860736, "['20171365', '10.2307/3870746', 'Foster', 'T']": 0.9928284191027041, "['20171365', '20062337', 'Foster', 'T']": 0.9613468633906642, "['20171365', '25224315', 'Foster', 'T']": 0.9928284191027041, "['20171365', '3871622', 'Foster', 'T']": 0.9821618595556836, "['20171365', '41679660', 'Foster', 'T']": 0.9821618595556836, "['10.2307/3870746', '20062337', 'Foster', 'T']": 0.9830818236564784, "['10.2307/3870746', '25224315', 'Foster', 'T']": 0.9999980723652614, "['10.2307/3870746', '3871622', 'Foster', 'T']": 0.9999941274423244, "['10.2307/3870746', '41679660', 'Foster', 'T']": 0.9928284191027041, "['20062337', '25224315', 'Foster', 'T']": 0.9830818236564784, "['20062337', '3871622', 'Foster', 'T']": 0.9613468633906642, "['20062337', '41679660', 'Foster', 'T']": 0.9999938423259443, "['25224315', '3871622', 'Foster', 'T']": 0.9999941274423244, "['25224315', '41679660', 'Foster', 'T']": 0.9928284191027041, "['3871622', '41679660', 'Foster', 'T']": 0.9821618595556836}