{"['4314799', '25622934', 'Fern\u00e1ndez', 'L']": 0.9999889459059678, "['4314799', '4098625', 'Fern\u00e1ndez', 'L']": 0.9999889459059678, "['4314799', '4009472', 'Fern\u00e1ndez', 'L']": 0.9970676533664634, "['4314799', '4009006', 'Fern\u00e1ndez', 'L']": 0.9943037327738058, "['4314799', '1448744', 'Fern\u00e1ndez', 'L']": 0.999989018140096, "['4314799', '25512212', 'Fern\u00e1ndez', 'L']": 0.999989018140096, "['4314799', '1448154', 'Fern\u00e1ndez', 'L']": 0.999989018140096, "['4314799', '1448010', 'Fern\u00e1ndez', 'L']": 0.999989018140096, "['4314799', '4009912', 'Fern\u00e1ndez', 'L']": 0.9943037327738058, "['4314799', '20105833', 'Fern\u00e1ndez', 'L']": 0.9930487955817848, "['4314799', '41827081', 'Fern\u00e1ndez', 'L']": 0.999989018140096, "['4314799', '4010042', 'Fern\u00e1ndez', 'L']": 0.9943037327738058, "['4314799', '4098622', 'Fern\u00e1ndez', 'L']": 0.9999889459059678, "['4314799', '10.2307/1549149', 'Fern\u00e1ndez', 'L']": 0.9930487955817848, "['4314799', '24036121', 'Fern\u00e1ndez', 'L']": 0.9866346859201957, "['4314799', '23376457', 'Fern\u00e1ndez', 'L']": 0.9866346859201957, "['4314799', '24872578', 'Fern\u00e1ndez', 'L']": 0.9999746417543405, "['4314799', '25078936', 'Fern\u00e1ndez', 'L']": 0.9856513224443769, "['4314799', '25078837', 'Fern\u00e1ndez', 'L']": 0.9877384996270014, "['4314799', '42597275', 'Fern\u00e1ndez', 'L']": 0.9855094450966362, "['4314799', '10.2307/1220992', 'Fern\u00e1ndez', 'L']": 0.9931033797267708, "['25622934', '4098625', 'Fern\u00e1ndez', 'L']": 0.9999963779223473, "['25622934', '4009472', 'Fern\u00e1ndez', 'L']": 0.9930487955817848, "['25622934', '4009006', 'Fern\u00e1ndez', 'L']": 0.9866346859201957, "['25622934', '1448744', 'Fern\u00e1ndez', 'L']": 0.9999963779223473, "['25622934', '25512212', 'Fern\u00e1ndez', 'L']": 0.9999963779223473, "['25622934', '1448154', 'Fern\u00e1ndez', 'L']": 0.9999963876834663, "['25622934', '1448010', 'Fern\u00e1ndez', 'L']": 0.9999963779223473, "['25622934', '4009912', 'Fern\u00e1ndez', 'L']": 0.9866346859201957, "['25622934', '20105833', 'Fern\u00e1ndez', 'L']": 0.9977600573292005, "['25622934', '41827081', 'Fern\u00e1ndez', 'L']": 0.9999963779091915, "['25622934', '4010042', 'Fern\u00e1ndez', 'L']": 0.9866346859201957, "['25622934', '4098622', 'Fern\u00e1ndez', 'L']": 0.9999963876834663, "['25622934', '10.2307/1549149', 'Fern\u00e1ndez', 'L']": 0.9977076079763355, "['25622934', '24036121', 'Fern\u00e1ndez', 'L']": 0.9955731774807792, "['25622934', '23376457', 'Fern\u00e1ndez', 'L']": 0.9955731774807792, "['25622934', '24872578', 'Fern\u00e1ndez', 'L']": 0.9999918292423378, "['25622934', '25078936', 'Fern\u00e1ndez', 'L']": 0.9682027485929611, "['25622934', '25078837', 'Fern\u00e1ndez', 'L']": 0.9733105496082554, "['25622934', '42597275', 'Fern\u00e1ndez', 'L']": 0.9956390482482328, "['25622934', '10.2307/1220992', 'Fern\u00e1ndez', 'L']": 0.997512258320646, "['4098625', '4009472', 'Fern\u00e1ndez', 'L']": 0.9930487955817848, "['4098625', '4009006', 'Fern\u00e1ndez', 'L']": 0.9866346859201957, "['4098625', '1448744', 'Fern\u00e1ndez', 'L']": 0.9999963779223473, "['4098625', '25512212', 'Fern\u00e1ndez', 'L']": 0.9999963876834663, "['4098625', '1448154', 'Fern\u00e1ndez', 'L']": 0.9999963876834663, "['4098625', '1448010', 'Fern\u00e1ndez', 'L']": 0.9999963876834663, "['4098625', '4009912', 'Fern\u00e1ndez', 'L']": 0.9866346859201957, "['4098625', '20105833', 'Fern\u00e1ndez', 'L']": 0.9977076079763355, "['4098625', '41827081', 'Fern\u00e1ndez', 'L']": 0.9999963876834663, "['4098625', '4010042', 'Fern\u00e1ndez', 'L']": 0.9866346859201957, "['4098625', '4098622', 'Fern\u00e1ndez', 'L']": 0.9999963876834663, "['4098625', '10.2307/1549149', 'Fern\u00e1ndez', 'L']": 0.9977076079763355, "['4098625', '24036121', 'Fern\u00e1ndez', 'L']": 0.9955731774807792, "['4098625', '23376457', 'Fern\u00e1ndez', 'L']": 0.9955731774807792, "['4098625', '24872578', 'Fern\u00e1ndez', 'L']": 0.9999918292423378, "['4098625', '25078936', 'Fern\u00e1ndez', 'L']": 0.9682027485929611, "['4098625', '25078837', 'Fern\u00e1ndez', 'L']": 0.9733105496082554, "['4098625', '42597275', 'Fern\u00e1ndez', 'L']": 0.9951968147526624, "['4098625', '10.2307/1220992', 'Fern\u00e1ndez', 'L']": 0.997512258320646, "['4009472', '4009006', 'Fern\u00e1ndez', 'L']": 0.9970593552626338, "['4009472', '1448744', 'Fern\u00e1ndez', 'L']": 0.9932071578254186, "['4009472', '25512212', 'Fern\u00e1ndez', 'L']": 0.9932071578254186, "['4009472', '1448154', 'Fern\u00e1ndez', 'L']": 0.9932071578254186, "['4009472', '1448010', 'Fern\u00e1ndez', 'L']": 0.9932071578254186, "['4009472', '4009912', 'Fern\u00e1ndez', 'L']": 0.9970615168823806, "['4009472', '20105833', 'Fern\u00e1ndez', 'L']": 0.9999227798919184, "['4009472', '41827081', 'Fern\u00e1ndez', 'L']": 0.9932071578254186, "['4009472', '4010042', 'Fern\u00e1ndez', 'L']": 0.9970593552626338, "['4009472', '4098622', 'Fern\u00e1ndez', 'L']": 0.9930487955817848, "['4009472', '10.2307/1549149', 'Fern\u00e1ndez', 'L']": 0.9999227798919184, "['4009472', '24036121', 'Fern\u00e1ndez', 'L']": 0.9930487955817848, "['4009472', '23376457', 'Fern\u00e1ndez', 'L']": 0.9930487955817848, "['4009472', '24872578', 'Fern\u00e1ndez', 'L']": 0.9844601213721016, "['4009472', '25078936', 'Fern\u00e1ndez', 'L']": 0.9928464267832365, "['4009472', '25078837', 'Fern\u00e1ndez', 'L']": 0.9939505107947992, "['4009472', '42597275', 'Fern\u00e1ndez', 'L']": 0.9924594387167452, "['4009472', '10.2307/1220992', 'Fern\u00e1ndez', 'L']": 0.9999233904248923, "['4009006', '1448744', 'Fern\u00e1ndez', 'L']": 0.9866346859201957, "['4009006', '25512212', 'Fern\u00e1ndez', 'L']": 0.9866346859201957, "['4009006', '1448154', 'Fern\u00e1ndez', 'L']": 0.9866346859201957, "['4009006', '1448010', 'Fern\u00e1ndez', 'L']": 0.9866346859201957, "['4009006', '4009912', 'Fern\u00e1ndez', 'L']": 0.9999952450296762, "['4009006', '20105833', 'Fern\u00e1ndez', 'L']": 0.9930487955817848, "['4009006', '41827081', 'Fern\u00e1ndez', 'L']": 0.9866346859201957, "['4009006', '4010042', 'Fern\u00e1ndez', 'L']": 0.9999952450296762, "['4009006', '4098622', 'Fern\u00e1ndez', 'L']": 0.9866346859201957, "['4009006', '10.2307/1549149', 'Fern\u00e1ndez', 'L']": 0.9930487955817848, "['4009006', '24036121', 'Fern\u00e1ndez', 'L']": 0.9866346859201957, "['4009006', '23376457', 'Fern\u00e1ndez', 'L']": 0.9866346859201957, "['4009006', '24872578', 'Fern\u00e1ndez', 'L']": 0.9707564535260653, "['4009006', '25078936', 'Fern\u00e1ndez', 'L']": 0.9999885680287671, "['4009006', '25078837', 'Fern\u00e1ndez', 'L']": 0.9999986957541042, "['4009006', '42597275', 'Fern\u00e1ndez', 'L']": 0.9855094450966362, "['4009006', '10.2307/1220992', 'Fern\u00e1ndez', 'L']": 0.9931033797267708, "['1448744', '25512212', 'Fern\u00e1ndez', 'L']": 0.9999995157862631, "['1448744', '1448154', 'Fern\u00e1ndez', 'L']": 0.9999995157862631, "['1448744', '1448010', 'Fern\u00e1ndez', 'L']": 0.9999995157862631, "['1448744', '4009912', 'Fern\u00e1ndez', 'L']": 0.9866346859201957, "['1448744', '20105833', 'Fern\u00e1ndez', 'L']": 0.9977076079763355, "['1448744', '41827081', 'Fern\u00e1ndez', 'L']": 0.9999983864854367, "['1448744', '4010042', 'Fern\u00e1ndez', 'L']": 0.9869371639275055, "['1448744', '4098622', 'Fern\u00e1ndez', 'L']": 0.9999963876834663, "['1448744', '10.2307/1549149', 'Fern\u00e1ndez', 'L']": 0.9977600573292005, "['1448744', '24036121', 'Fern\u00e1ndez', 'L']": 0.9955731774807792, "['1448744', '23376457', 'Fern\u00e1ndez', 'L']": 0.9955731774807792, "['1448744', '24872578', 'Fern\u00e1ndez', 'L']": 0.9999918237323906, "['1448744', '25078936', 'Fern\u00e1ndez', 'L']": 0.968878731687292, "['1448744', '25078837', 'Fern\u00e1ndez', 'L']": 0.9733105496082554, "['1448744', '42597275', 'Fern\u00e1ndez', 'L']": 0.9951968147526624, "['1448744', '10.2307/1220992', 'Fern\u00e1ndez', 'L']": 0.997512258320646, "['25512212', '1448154', 'Fern\u00e1ndez', 'L']": 0.999999515726028, "['25512212', '1448010', 'Fern\u00e1ndez', 'L']": 0.999999515726028,