{"['10.2307/1543936', '10.2307/1544042', 'Hopkins', 'L']": 0.9654751238263676, "['10.2307/1543936', '10.2307/1543811', 'Hopkins', 'L']": 0.999995581150071, "['10.2307/1543936', '10.2307/1544070', 'Hopkins', 'L']": 0.9972612664037213, "['10.2307/1543936', '10.2307/1544387', 'Hopkins', 'L']": 0.9999955450357934, "['10.2307/1543936', '10.2307/1543805', 'Hopkins', 'L']": 0.9972686666007633, "['10.2307/1543936', '10.2307/1544797', 'Hopkins', 'L']": 0.9942528325309082, "['10.2307/1543936', '10.2307/1544604', 'Hopkins', 'L']": 0.9999955691449389, "['10.2307/1543936', '10.2307/1544197', 'Hopkins', 'L']": 0.9946571360637296, "['10.2307/1543936', '10.2307/1544332', 'Hopkins', 'L']": 0.9944215180816948, "['10.2307/1543936', '10.2307/1543937', 'Hopkins', 'L']": 0.9999955811340212, "['10.2307/1543936', '4033412', 'Hopkins', 'L']": 0.9843121777688822, "['10.2307/1543936', '4496273', 'Hopkins', 'L']": 0.9693986664049252, "['10.2307/1543936', '43477177', 'Hopkins', 'L']": 0.999280526016265, "['10.2307/1543936', '4629827', 'Hopkins', 'L']": 0.987600803073588, "['10.2307/1543936', '4278638', 'Hopkins', 'L']": 0.9753736086661734, "['10.2307/1543936', '4629838', 'Hopkins', 'L']": 0.987600803073588, "['10.2307/1543936', '4132518', 'Hopkins', 'L']": 0.9693986664049252, "['10.2307/1543936', '3878188', 'Hopkins', 'L']": 0.9693986664049252, "['10.2307/1543936', '40595970', 'Hopkins', 'L']": 0.9942950517617692, "['10.2307/1544042', '10.2307/1543811', 'Hopkins', 'L']": 0.9945244769127285, "['10.2307/1544042', '10.2307/1544070', 'Hopkins', 'L']": 0.9998228227801381, "['10.2307/1544042', '10.2307/1544387', 'Hopkins', 'L']": 0.9654751238263676, "['10.2307/1544042', '10.2307/1543805', 'Hopkins', 'L']": 0.9999416340355818, "['10.2307/1544042', '10.2307/1544797', 'Hopkins', 'L']": 0.9994110474484336, "['10.2307/1544042', '10.2307/1544604', 'Hopkins', 'L']": 0.9654751238263676, "['10.2307/1544042', '10.2307/1544197', 'Hopkins', 'L']": 0.9999697848003872, "['10.2307/1544042', '10.2307/1544332', 'Hopkins', 'L']": 0.9999079545509066, "['10.2307/1544042', '10.2307/1543937', 'Hopkins', 'L']": 0.9846437331952803, "['10.2307/1544042', '4033412', 'Hopkins', 'L']": 0.9998214935387575, "['10.2307/1544042', '4496273', 'Hopkins', 'L']": 0.9839499050799196, "['10.2307/1544042', '43477177', 'Hopkins', 'L']": 0.9890782202589229, "['10.2307/1544042', '4629827', 'Hopkins', 'L']": 0.9935542952270193, "['10.2307/1544042', '4278638', 'Hopkins', 'L']": 0.9901750799014604, "['10.2307/1544042', '4629838', 'Hopkins', 'L']": 0.9935542952270193, "['10.2307/1544042', '4132518', 'Hopkins', 'L']": 0.9839499050799196, "['10.2307/1544042', '3878188', 'Hopkins', 'L']": 0.9839499050799196, "['10.2307/1544042', '40595970', 'Hopkins', 'L']": 0.9987741190036926, "['10.2307/1543811', '10.2307/1544070', 'Hopkins', 'L']": 0.9972686567072774, "['10.2307/1543811', '10.2307/1544387', 'Hopkins', 'L']": 0.999995581150071, "['10.2307/1543811', '10.2307/1543805', 'Hopkins', 'L']": 0.9972686567072774, "['10.2307/1543811', '10.2307/1544797', 'Hopkins', 'L']": 0.9942474070841579, "['10.2307/1543811', '10.2307/1544604', 'Hopkins', 'L']": 0.9999955811340212, "['10.2307/1543811', '10.2307/1544197', 'Hopkins', 'L']": 0.9946367453107821, "['10.2307/1543811', '10.2307/1544332', 'Hopkins', 'L']": 0.9944147917939475, "['10.2307/1543811', '10.2307/1543937', 'Hopkins', 'L']": 0.9999955811340212, "['10.2307/1543811', '4033412', 'Hopkins', 'L']": 0.9839499050799196, "['10.2307/1543811', '4496273', 'Hopkins', 'L']": 0.9693986664049252, "['10.2307/1543811', '43477177', 'Hopkins', 'L']": 0.9997263411119218, "['10.2307/1543811', '4629827', 'Hopkins', 'L']": 0.987600803073588, "['10.2307/1543811', '4278638', 'Hopkins', 'L']": 0.9753546768527501, "['10.2307/1543811', '4629838', 'Hopkins', 'L']": 0.987600803073588, "['10.2307/1543811', '4132518', 'Hopkins', 'L']": 0.9693986664049252, "['10.2307/1543811', '3878188', 'Hopkins', 'L']": 0.9693986664049252, "['10.2307/1543811', '40595970', 'Hopkins', 'L']": 0.9942881779128876, "['10.2307/1544070', '10.2307/1544387', 'Hopkins', 'L']": 0.9972686666007633, "['10.2307/1544070', '10.2307/1543805', 'Hopkins', 'L']": 0.9999697848003872, "['10.2307/1544070', '10.2307/1544797', 'Hopkins', 'L']": 0.9996134056688435, "['10.2307/1544070', '10.2307/1544604', 'Hopkins', 'L']": 0.9972686567072774, "['10.2307/1544070', '10.2307/1544197', 'Hopkins', 'L']": 0.9999433274996468, "['10.2307/1544070', '10.2307/1544332', 'Hopkins', 'L']": 0.9999381462337256, "['10.2307/1544070', '10.2307/1543937', 'Hopkins', 'L']": 0.9972686567072774, "['10.2307/1544070', '4033412', 'Hopkins', 'L']": 0.9998238865801445, "['10.2307/1544070', '4496273', 'Hopkins', 'L']": 0.9839499050799196, "['10.2307/1544070', '43477177', 'Hopkins', 'L']": 0.9891037454943126, "['10.2307/1544070', '4629827', 'Hopkins', 'L']": 0.9935542952270193, "['10.2307/1544070', '4278638', 'Hopkins', 'L']": 0.9868632305283747, "['10.2307/1544070', '4629838', 'Hopkins', 'L']": 0.9935542952270193, "['10.2307/1544070', '4132518', 'Hopkins', 'L']": 0.9839499050799196, "['10.2307/1544070', '3878188', 'Hopkins', 'L']": 0.9839499050799196, "['10.2307/1544070', '40595970', 'Hopkins', 'L']": 0.999936695337569, "['10.2307/1544387', '10.2307/1543805', 'Hopkins', 'L']": 0.9972686567072774, "['10.2307/1544387', '10.2307/1544797', 'Hopkins', 'L']": 0.9942169586837765, "['10.2307/1544387', '10.2307/1544604', 'Hopkins', 'L']": 0.999973076298982, "['10.2307/1544387', '10.2307/1544197', 'Hopkins', 'L']": 0.9946363552140334, "['10.2307/1544387', '10.2307/1544332', 'Hopkins', 'L']": 0.9708846863662481, "['10.2307/1544387', '10.2307/1543937', 'Hopkins', 'L']": 0.999995581150071, "['10.2307/1544387', '4033412', 'Hopkins', 'L']": 0.9839499050799196, "['10.2307/1544387', '4496273', 'Hopkins', 'L']": 0.9693986664049252, "['10.2307/1544387', '43477177', 'Hopkins', 'L']": 0.9997373858705615, "['10.2307/1544387', '4629827', 'Hopkins', 'L']": 0.987600803073588, "['10.2307/1544387', '4278638', 'Hopkins', 'L']": 0.9753546768527501, "['10.2307/1544387', '4629838', 'Hopkins', 'L']": 0.987600803073588, "['10.2307/1544387', '4132518', 'Hopkins', 'L']": 0.9693986664049252, "['10.2307/1544387', '3878188', 'Hopkins', 'L']": 0.9693986664049252, "['10.2307/1544387', '40595970', 'Hopkins', 'L']": 0.9944147906822204, "['10.2307/1543805', '10.2307/1544797', 'Hopkins', 'L']": 0.9999364542785186, "['10.2307/1543805', '10.2307/1544604', 'Hopkins', 'L']": 0.9972686567072774, "['10.2307/1543805', '10.2307/1544197', 'Hopkins', 'L']": 0.9999433292000439, "['10.2307/1543805', '10.2307/1544332', 'Hopkins', 'L']": 0.9999381462337256, "['10.2307/1543805', '10.2307/1543937', 'Hopkins', 'L']": 0.9972686567072774, "['10.2307/1543805', '4033412', 'Hopkins', 'L']": 0.9998250372229047, "['10.2307/1543805', '4496273', 'Hopkins', 'L']": 0.9839499050799196, "['10.2307/1543805', '43477177', 'Hopkins', 'L']": 0.9890960210001061, "['10.2307/1543805', '4629827', 'Hopkins', 'L']": 0.9935542952270193, "['10.2307/1543805', '4278638', 'Hopkins', 'L']": 0.9868632305283747, "['10.2307/1543805', '4629838', 'Hopkins', 'L']": 0.9935542952270193, "['10.2307/1543805', '4132518', 'Hopkins', 'L']": 0.9839499050799196, "['10.2307/1543805', '3878188', 'Hopkins', 'L']": 0.9839499050799196, "['10.2307/1543805', '40595970', 'Hopkins', 'L']": 0.999936695337569, "['10.2307/1544797', '10.2307/1544604', 'Hopkins', 'L']": 0.9834351450205997, "['10.2307/1544797', '10.2307/1544197', 'Hopkins', 'L']": 0.9999514500323817, "['10.2307/1544797', '10.2307/1544332', 'Hopkins', 'L']": 0.9999697028238917, "['10.2307/1544797', '10.2307/1543937', 'Hopkins', 'L']": 0.9942625519130041, "['10.2307/1544797', '4033412', 'Hopkins', 'L']": 0.999662406472708, "['10.2307/1544797', '4496273', 'Hopkins', 'L']": 0.9754250171694856, "['10.2307/1544797', '43477177', 'Hopkins', 'L']": 0.9662497867728844, "['10.2307/1544797', '4629827', 'Hopkins', 'L']": 0.988084096903528, "['10.2307/1544797', '4278638', 'Hopkins', 'L']": 0.9935542952270193,