{"1": 0.9191059141912507, "0": 1.0010903935758146}