{"2": 0.03808422788642399, "6": 0.14614535598279288, "10": 3.4519991788291606, "8": 0.2732428635700446, "3": 0.02637658345421555, "5": 0.3524662325426365, "9": 11.745507225227808, "4": 0.381203641850871, "7": 1.0930982491124617, "11": 23.604593455784556, "0": 0.01967939925817482}