{"9": 6.298367546589694, "4": 0.2871936248050176, "7": 1.3787937890523976, "8": 0.21672246186856228, "3": 0.014670934272674824, "2": 0.035077857184370356,"10":7.5, "11": 9.62267877124017, "0": 0.017888692443154063, "6": 0.14901565076104312, "5": 0.42750867121827074}