{"0": 0.2167809874852773, "2": 1.5799360874916086, "1": 0.8921748640054237, "3": 1.2375460859517808}