{"1": 0.5579149372105215, "2": 1.699698360705718, "3": 1.291247065046192, "0": 0.221892271935953}