{"1": 0.6756871286907823, "3": 1.274494481196487, "0": 0.20439731023130425, "2": 1.6134773557686728}