{"2": 1.633913346313402, "3": 1.838484943755562, "0": 0.145718546573559, "total_profiles": 1.0, "1": 0.4549394015031756}