{"1": 0.5291032106023363, "3": 1.2953906190608924, "2": 1.7474206608332246, "0": 0.22145124381781944}