{"5": 0.3524662325426365, "2": 0.03808422788642399, "3": 0.02637658345421555, "4": 0.381203641850871, "6": 0.14614535598279288, "8": 0.2732428635700446, "0": 0.01967939925817482, "10": 3.4519991788291606, "9": 11.745507225227808, "7": 1.0930982491124617, "11": 23.604593455784556}