{"1": 0.9147863778815762, "0": 1.001151830255466}