{"0": 1.0015811711694136, "1": 0.8866249011617299}