{"0": 0.9989904563311441, "1": 1.1012746638728828}