{"1": 0.7972244777441501, "0": 1.003157641849617}