{"11": 12617.848520270492, "2": 5.300534543271041, "1": 0.701387970205958, "8": 2676.5133224816195, "6": 2041.9675586438755, "5": 1038.514480483302, "9": 1383.0472923517268, "4": 204.06224022000794, "10": 3375.6841495788585, "12": 6226.990178834788, "3": 35.10723730363355, "7": 3994.2864633973145}