{"1": 28.50684587674194, "0": 0.6162167580332399}