{"0": 0.6162167580332399, "1": 28.50684587674194}