{"0": 0.5964591179240595, "1": 23.332039082113376}