{"5": 2637.271144324964, "2": 619.7535479157605, "3": 369.3681910020754, "12": 421.58863763631746, "1": 323.7394186939887, "4": 954.683168002567, "6": 3216.119035682765, "8": 1306.9247766725841, "0": 0.885086404827603, "10": 2079.837279005833, "7": 3153.4830095196544}