{"11": 30.72528048767165, "2": 711.4533947176026, "1": 310.8041582575795, "6": 1006.6187131199093, "5": 1878.181248272031, "4": 2895.004205949507, "10": 184.3516829260299, "0": 0.8772535930519135, "3": 2059.332888768206, "7": 292.6217189302062}