{"2": 4.153141579860904, "6": 195.1783574361269, "11": 4215.886376363175, "10": 2537.1970737749284, "8": 841.3959148319182, "3": 11.247546164717628, "12": 2220.3668248846056, "13": 4553.157286472228, "5": 77.90378202846054, "9": 1511.3952659261981, "4": 29.99466735325674, "7": 439.91857840311394, "1": 1.1379173973633343, "14": 3541.3445561450667, "0": 0.8036603320137805}