{"11": 5407.649365830211, "2": 4.402644811381139, "1": 1.7412879864837854, "8": 913.4778425838267, "6": 164.01592469523553, "5": 71.76594710955719, "9": 1613.4711394551678, "4": 31.086171715406135, "10": 1591.8621509803218, "0": 0.5223739665952163, "12": 764.7180921376055, "3": 12.466563819879097, "7": 394.169364094094}