{"5": 77.90378202846054, "2": 4.153141579860904, "3": 11.247546164717628, "13": 4553.157286472228, "12": 2220.3668248846056, "1": 1.1379173973633343, "4": 29.99466735325674, "6": 195.1783574361269, "8": 841.3959148319182, "0": 0.8036603320137805, "14": 3541.3445561450667, "10": 2537.1970737749284, "9": 1511.3952659261981, "7": 439.91857840311394, "11": 4215.886376363175}