{"0": 2.2065043361728196, "1": 0.5089248265981541, "3": 1.027323984201319}