{"0": 0.6389437139529901, "2": 1.028888270747421, "1": 0.3859854406874735, "3": 34.82124050909392}