{"0": 0.3767494539276757, "3": 1.0373042543507103}