{"0": 24.77127659574468, "1": 0.979564774041913}