{"[14, 1, 0, 0]": 1746.0658635794746, "[6, 1, 0, 0]": 1904.7991239048813, "[11, 1, 0, 0]": 158.73326032540677, "[5, 0, 0, 0]": 6.707039168679159, "[2, 1, 0, 0]": 7.814442989070795, "[10, 1, 0, 0]": 22.67618004648668, "[9, 1, 0, 0]": 740.7552148518981, "[1, 1, 0, 0]": 1.5576495404736566, "[3, 1, 0, 1]": 12.210250794262057, "[12, 1, 0, 0]": 79.36663016270339, "[6, 0, 0, 0]": 9.337250607376868, "[8, 1, 0, 0]": 476.1997809762203, "[4, 0, 0, 0]": 48.841003177048236, "[1, 0, 0, 1]": 0.06473623993695218, "[5, 1, 0, 0]": 198.41657540675845, "[2, 1, 0, 1]": 23.229257608596107, "[3, 0, 0, 0]": 7.7859668830500155, "[1, 1, 0, 1]": 1.7741833001849368, "[13, 1, 0, 0]": 4127.0647684605765, "[4, 1, 0, 0]": 162.91045138660166, "[1, 0, 0, 0]": 0.19899167289391376, "[4, 1, 0, 1]": 13.227771693783897, "[7, 1, 0, 0]": 52.91108677513559, "[2, 0, 0, 0]": 0.8714863503792051, "[3, 1, 0, 0]": 32.61812878843653}