{"['2806699', '10.2307/2399840', 'Jong', 'D']": 0.9999987735585512, "['2806699', '4540203', 'Jong', 'D']": 0.9913298316106751, "['2806699', '4261382', 'Jong', 'D']": 0.9955009819940255, "['10.2307/2399840', '4540203', 'Jong', 'D']": 0.9913298316106751, "['10.2307/2399840', '4261382', 'Jong', 'D']": 0.9955009819940255, "['4540203', '4261382', 'Jong', 'D']": 0.9955009819940255}