{"['biolenviprocria.114B.1.53', '23033939', \"O'Boyle\", 'S']": 0.9999992545432316, "['biolenviprocria.114B.1.53', '20728628', \"O'Boyle\", 'S']": 0.9999992545432316, "['23033939', '20728628', \"O'Boyle\", 'S']": 0.9999996706092579}