{"['42771083', '42771082', 'ROBIN', 'C']": 0.9999977930064873, "['42771083', '42759069', 'ROBIN', 'C']": 0.9999141732564556, "['42771083', '42771087', 'ROBIN', 'C']": 0.9992040972277821, "['42771083', '42771093', 'ROBIN', 'C']": 0.9992062432881536, "['42771083', '42938314', 'ROBIN', 'C']": 0.9999912543521321, "['42771082', '42759069', 'ROBIN', 'C']": 0.9999141732564556, "['42771082', '42771087', 'ROBIN', 'C']": 0.9992040972277821, "['42771082', '42771093', 'ROBIN', 'C']": 0.9992062432881536, "['42771082', '42938314', 'ROBIN', 'C']": 0.9999912543521321, "['42759069', '42771087', 'ROBIN', 'C']": 0.9988512337746518, "['42759069', '42771093', 'ROBIN', 'C']": 0.9988543260433917, "['42759069', '42938314', 'ROBIN', 'C']": 0.9999141081960721, "['42771087', '42771093', 'ROBIN', 'C']": 0.9999987183178223, "['42771087', '42938314', 'ROBIN', 'C']": 0.9992041053947216, "['42771093', '42938314', 'ROBIN', 'C']": 0.9996407790052044}