{"['43576520', '4201281', 'Estrelles', 'E']": 0.9995311822300448, "['43576520', '23419310', 'Estrelles', 'E']": 0.9995311822300448, "['4201281', '23419310', 'Estrelles', 'E']": 0.9999992641342409}