{"['4315295', '4312435', 'Smil', 'V']": 0.9987100280521461, "['4315295', '4313976', 'Smil', 'V']": 0.9987100280521461, "['4315295', '25547827', 'Smil', 'V']": 0.9987100280521461, "['4315295', '4312430', 'Smil', 'V']": 0.9987100280521461, "['4315295', '4312424', 'Smil', 'V']": 0.9987100280521461, "['4315295', '4312926', 'Smil', 'V']": 0.9987100280521461, "['4315295', '4312427', 'Smil', 'V']": 0.9987100280521461, "['4315295', '4315225', 'Smil', 'V']": 0.9987100280521461, "['4315295', '4312433', 'Smil', 'V']": 0.9987100280521461, "['4315295', '4602496', 'Smil', 'V']": 0.9986797978129469, "['4312435', '4313976', 'Smil', 'V']": 0.9999979160513989, "['4312435', '25547827', 'Smil', 'V']": 0.9999979160438296, "['4312435', '4312430', 'Smil', 'V']": 0.9999979216674302, "['4312435', '4312424', 'Smil', 'V']": 0.9999979216674302, "['4312435', '4312926', 'Smil', 'V']": 0.9999979160513989, "['4312435', '4312427', 'Smil', 'V']": 0.9999979216674302, "['4312435', '4315225', 'Smil', 'V']": 0.9999979160438296, "['4312435', '4312433', 'Smil', 'V']": 0.9999979216674302, "['4312435', '4602496', 'Smil', 'V']": 0.9999979160509697, "['4313976', '25547827', 'Smil', 'V']": 0.9999979160438296, "['4313976', '4312430', 'Smil', 'V']": 0.9999979160438296, "['4313976', '4312424', 'Smil', 'V']": 0.9999979160438296, "['4313976', '4312926', 'Smil', 'V']": 0.9999979160513989, "['4313976', '4312427', 'Smil', 'V']": 0.9999979160438296, "['4313976', '4315225', 'Smil', 'V']": 0.9999979160438296, "['4313976', '4312433', 'Smil', 'V']": 0.9999979160438296, "['4313976', '4602496', 'Smil', 'V']": 0.9999979160509697, "['25547827', '4312430', 'Smil', 'V']": 0.9999979160438296, "['25547827', '4312424', 'Smil', 'V']": 0.9999979160438296, "['25547827', '4312926', 'Smil', 'V']": 0.9999979160438296, "['25547827', '4312427', 'Smil', 'V']": 0.9999979160438296, "['25547827', '4315225', 'Smil', 'V']": 0.9999979160438296, "['25547827', '4312433', 'Smil', 'V']": 0.9999979160438296, "['25547827', '4602496', 'Smil', 'V']": 0.9999978671422706, "['4312430', '4312424', 'Smil', 'V']": 0.9999990542817521, "['4312430', '4312926', 'Smil', 'V']": 0.9999979160438296, "['4312430', '4312427', 'Smil', 'V']": 0.9999990542817521, "['4312430', '4315225', 'Smil', 'V']": 0.9999979160438296, "['4312430', '4312433', 'Smil', 'V']": 0.9999990542817521, "['4312430', '4602496', 'Smil', 'V']": 0.9999978671422706, "['4312424', '4312926', 'Smil', 'V']": 0.9999979160438296, "['4312424', '4312427', 'Smil', 'V']": 0.9999990542817521, "['4312424', '4315225', 'Smil', 'V']": 0.9999979160438296, "['4312424', '4312433', 'Smil', 'V']": 0.9999990542817521, "['4312424', '4602496', 'Smil', 'V']": 0.9999978671422706, "['4312926', '4312427', 'Smil', 'V']": 0.9999979160438296, "['4312926', '4315225', 'Smil', 'V']": 0.9999979160438296, "['4312926', '4312433', 'Smil', 'V']": 0.9999979160438296, "['4312926', '4602496', 'Smil', 'V']": 0.9999979160509697, "['4312427', '4315225', 'Smil', 'V']": 0.9999979160438296, "['4312427', '4312433', 'Smil', 'V']": 0.9999990542817521, "['4312427', '4602496', 'Smil', 'V']": 0.9999978671422706, "['4315225', '4312433', 'Smil', 'V']": 0.9999979160438296, "['4315225', '4602496', 'Smil', 'V']": 0.9999978671422706, "['4312433', '4602496', 'Smil', 'V']": 0.9999978671422706}