{"['4090684', '10.1086/589521', 'Salvante', 'K']": 0.9998231431182566, "['4090684', '3677572', 'Salvante', 'K']": 0.9999987469830263, "['4090684', '10.1086/599320', 'Salvante', 'K']": 0.9990391638953855, "['10.1086/589521', '3677572', 'Salvante', 'K']": 0.9998051254454151, "['10.1086/589521', '10.1086/599320', 'Salvante', 'K']": 0.9999990556196036, "['3677572', '10.1086/599320', 'Salvante', 'K']": 0.999821194857892}