{"['4536170', '2389169', 'Shashar', 'N']": 0.9989005907862619, "['4536170', '27650828', 'Shashar', 'N']": 0.9999981825613524, "['4536170', '3884825', 'Shashar', 'N']": 0.9999982242371691, "['4536170', '24849564', 'Shashar', 'N']": 0.9989005907862619, "['4536170', '24870920', 'Shashar', 'N']": 0.9999981825613524, "['4536170', '41499783', 'Shashar', 'N']": 0.9999981825613524, "['4536170', '24868008', 'Shashar', 'N']": 0.9999981825613524, "['4536170', '24872704', 'Shashar', 'N']": 0.9999981825613524, "['2389169', '27650828', 'Shashar', 'N']": 0.9988748174652102, "['2389169', '3884825', 'Shashar', 'N']": 0.9989005907862619, "['2389169', '24849564', 'Shashar', 'N']": 0.9999875725795353, "['2389169', '24870920', 'Shashar', 'N']": 0.9988748174652102, "['2389169', '41499783', 'Shashar', 'N']": 0.9988748174652102, "['2389169', '24868008', 'Shashar', 'N']": 0.9988748174652102, "['2389169', '24872704', 'Shashar', 'N']": 0.9988748174652102, "['27650828', '3884825', 'Shashar', 'N']": 0.9999981825613524, "['27650828', '24849564', 'Shashar', 'N']": 0.9988748174652102, "['27650828', '24870920', 'Shashar', 'N']": 0.9999981825613524, "['27650828', '41499783', 'Shashar', 'N']": 0.9999981825613524, "['27650828', '24868008', 'Shashar', 'N']": 0.9999982098271518, "['27650828', '24872704', 'Shashar', 'N']": 0.9999981825613524, "['3884825', '24849564', 'Shashar', 'N']": 0.9988748174652102, "['3884825', '24870920', 'Shashar', 'N']": 0.9999981825613524, "['3884825', '41499783', 'Shashar', 'N']": 0.9999981825613524, "['3884825', '24868008', 'Shashar', 'N']": 0.9999981825613524, "['3884825', '24872704', 'Shashar', 'N']": 0.9999981825613524, "['24849564', '24870920', 'Shashar', 'N']": 0.9989005870235782, "['24849564', '41499783', 'Shashar', 'N']": 0.9988748174652102, "['24849564', '24868008', 'Shashar', 'N']": 0.9989005870235782, "['24849564', '24872704', 'Shashar', 'N']": 0.9989005870235782, "['24870920', '41499783', 'Shashar', 'N']": 0.9999981825613524, "['24870920', '24868008', 'Shashar', 'N']": 0.9999982242310849, "['24870920', '24872704', 'Shashar', 'N']": 0.9999982084426742, "['41499783', '24868008', 'Shashar', 'N']": 0.9999981825613524, "['41499783', '24872704', 'Shashar', 'N']": 0.9999981825613524, "['24868008', '24872704', 'Shashar', 'N']": 0.9999982242310849}