{"['10.2307/1587837', '10.2307/1366567', 'Price', 'F']": 0.972333208657998, "['10.2307/1587837', '4292039', 'Price', 'F']": 0.9843338992230233, "['10.2307/1587837', '20170398', 'Price', 'F']": 0.9843338992230233, "['10.2307/1587837', '4291570', 'Price', 'F']": 0.9843338992230233, "['10.2307/1587837', '10.2307/3279990', 'Price', 'F']": 0.9999479133931475, "['10.2307/1587837', '4291613', 'Price', 'F']": 0.9843338992230233, "['10.2307/1587837', '4292235', 'Price', 'F']": 0.9922061975146499, "['10.2307/1366567', '4292039', 'Price', 'F']": 0.9323596055894284, "['10.2307/1366567', '20170398', 'Price', 'F']": 0.9323595913851439, "['10.2307/1366567', '4291570', 'Price', 'F']": 0.9323597062759262, "['10.2307/1366567', '10.2307/3279990', 'Price', 'F']": 0.9562187406232076, "['10.2307/1366567', '4291613', 'Price', 'F']": 0.932404890318972, "['10.2307/1366567', '4292235', 'Price', 'F']": 0.9589086380434967, "['4292039', '20170398', 'Price', 'F']": 0.9999978778253088, "['4292039', '4291570', 'Price', 'F']": 0.9999978778253088, "['4292039', '10.2307/3279990', 'Price', 'F']": 0.9899948199561229, "['4292039', '4291613', 'Price', 'F']": 0.9999978720830797, "['4292039', '4292235', 'Price', 'F']": 0.999995697069714, "['20170398', '4291570', 'Price', 'F']": 0.9999978778253088, "['20170398', '10.2307/3279990', 'Price', 'F']": 0.9899948199561229, "['20170398', '4291613', 'Price', 'F']": 0.9999978762576615, "['20170398', '4292235', 'Price', 'F']": 0.9999956502796032, "['4291570', '10.2307/3279990', 'Price', 'F']": 0.9899948199561229, "['4291570', '4291613', 'Price', 'F']": 0.9999978762576615, "['4291570', '4292235', 'Price', 'F']": 0.9999960287395258, "['10.2307/3279990', '4291613', 'Price', 'F']": 0.9902152915074357, "['10.2307/3279990', '4292235', 'Price', 'F']": 0.9812477211517731, "['4291613', '4292235', 'Price', 'F']": 0.9999956970658176}