{"['2473565', '10.2307/3801170', 'Wright', 'V']": 0.9814845141538608, "['2473565', '10.2307/3801601', 'Wright', 'V']": 0.9814845141538608, "['2473565', '25085217', 'Wright', 'V']": 0.9995809241085347, "['2473565', '10.2307/1565376', 'Wright', 'V']": 0.9622608290686411, "['2473565', '25085218', 'Wright', 'V']": 0.9997963297839041, "['2473565', '25735370', 'Wright', 'V']": 0.9814845141538608, "['2473565', '25085185', 'Wright', 'V']": 0.9997963297839041, "['2473565', '25085212', 'Wright', 'V']": 0.9997963297839041, "['2473565', '25085050', 'Wright', 'V']": 0.9997963297839041, "['2473565', '25085134', 'Wright', 'V']": 0.9814845141538608, "['2473565', '25085049', 'Wright', 'V']": 0.9997963297839041, "['2473565', '25481796', 'Wright', 'V']": 0.9814845141538608, "['2473565', '10.2307/3800262', 'Wright', 'V']": 0.9814845141538608, "['2473565', '1304992', 'Wright', 'V']": 0.9997963297839041, "['2473565', '25085194', 'Wright', 'V']": 0.9814845141538608, "['2473565', '25085190', 'Wright', 'V']": 0.9925530306171035, "['2473565', '25086135', 'Wright', 'V']": 0.9814845141538608, "['2473565', '1522515', 'Wright', 'V']": 0.9814845141538608, "['2473565', '1522537', 'Wright', 'V']": 0.9814845141538608, "['2473565', '3781187', 'Wright', 'V']": 0.9814845141538608, "['2473565', '3781942', 'Wright', 'V']": 0.9814845141538608, "['2473565', '3782106', 'Wright', 'V']": 0.9814845141538608, "['2473565', '3782105', 'Wright', 'V']": 0.9814845141538608, "['10.2307/3801170', '10.2307/3801601', 'Wright', 'V']": 0.9999949033590454, "['10.2307/3801170', '25085217', 'Wright', 'V']": 0.9622216397504102, "['10.2307/3801170', '10.2307/1565376', 'Wright', 'V']": 0.999989225548174, "['10.2307/3801170', '25085218', 'Wright', 'V']": 0.9814845141538608, "['10.2307/3801170', '25735370', 'Wright', 'V']": 0.9647781284815241, "['10.2307/3801170', '25085185', 'Wright', 'V']": 0.9814845141538608, "['10.2307/3801170', '25085212', 'Wright', 'V']": 0.9814845141538608, "['10.2307/3801170', '25085050', 'Wright', 'V']": 0.9814845141538608, "['10.2307/3801170', '25085134', 'Wright', 'V']": 0.9647781284815241, "['10.2307/3801170', '25085049', 'Wright', 'V']": 0.9819014105372901, "['10.2307/3801170', '25481796', 'Wright', 'V']": 0.9647781284815241, "['10.2307/3801170', '10.2307/3800262', 'Wright', 'V']": 0.9999948895684778, "['10.2307/3801170', '1304992', 'Wright', 'V']": 0.9814845141538608, "['10.2307/3801170', '25085194', 'Wright', 'V']": 0.9647781284815241, "['10.2307/3801170', '25085190', 'Wright', 'V']": 0.9856880549369864, "['10.2307/3801170', '25086135', 'Wright', 'V']": 0.9647781284815241, "['10.2307/3801170', '1522515', 'Wright', 'V']": 0.9999947696488273, "['10.2307/3801170', '1522537', 'Wright', 'V']": 0.9999947696488273, "['10.2307/3801170', '3781187', 'Wright', 'V']": 0.9999947696488273, "['10.2307/3801170', '3781942', 'Wright', 'V']": 0.9999948656905563, "['10.2307/3801170', '3782106', 'Wright', 'V']": 0.9999947696488273, "['10.2307/3801170', '3782105', 'Wright', 'V']": 0.9999948895859871, "['10.2307/3801601', '25085217', 'Wright', 'V']": 0.9622216397504102, "['10.2307/3801601', '10.2307/1565376', 'Wright', 'V']": 0.999989225548174, "['10.2307/3801601', '25085218', 'Wright', 'V']": 0.9814845141538608, "['10.2307/3801601', '25735370', 'Wright', 'V']": 0.9647781284815241, "['10.2307/3801601', '25085185', 'Wright', 'V']": 0.9814845141538608, "['10.2307/3801601', '25085212', 'Wright', 'V']": 0.9814845141538608, "['10.2307/3801601', '25085050', 'Wright', 'V']": 0.9814845141538608, "['10.2307/3801601', '25085134', 'Wright', 'V']": 0.9647781284815241, "['10.2307/3801601', '25085049', 'Wright', 'V']": 0.9814845141538608, "['10.2307/3801601', '25481796', 'Wright', 'V']": 0.9647781284815241, "['10.2307/3801601', '10.2307/3800262', 'Wright', 'V']": 0.9999948895870394, "['10.2307/3801601', '1304992', 'Wright', 'V']": 0.9814845141538608, "['10.2307/3801601', '25085194', 'Wright', 'V']": 0.9647781284815241, "['10.2307/3801601', '25085190', 'Wright', 'V']": 0.9856880549369864, "['10.2307/3801601', '25086135', 'Wright', 'V']": 0.9647781284815241, "['10.2307/3801601', '1522515', 'Wright', 'V']": 0.9999947696488273, "['10.2307/3801601', '1522537', 'Wright', 'V']": 0.9999947696488273, "['10.2307/3801601', '3781187', 'Wright', 'V']": 0.9999947696488273, "['10.2307/3801601', '3781942', 'Wright', 'V']": 0.9999948895859871, "['10.2307/3801601', '3782106', 'Wright', 'V']": 0.9999948805801153, "['10.2307/3801601', '3782105', 'Wright', 'V']": 0.9999948805801153, "['25085217', '10.2307/1565376', 'Wright', 'V']": 0.9535597658405354, "['25085217', '25085218', 'Wright', 'V']": 0.9999282227616785, "['25085217', '25735370', 'Wright', 'V']": 0.9680181472299058, "['25085217', '25085185', 'Wright', 'V']": 0.9999280285908716, "['25085217', '25085212', 'Wright', 'V']": 0.9999280288522189, "['25085217', '25085050', 'Wright', 'V']": 0.9999280288522189, "['25085217', '25085134', 'Wright', 'V']": 0.9941098781325048, "['25085217', '25085049', 'Wright', 'V']": 0.9999280285908716, "['25085217', '25481796', 'Wright', 'V']": 0.9941098571594392, "['25085217', '10.2307/3800262', 'Wright', 'V']": 0.9622216397504102, "['25085217', '1304992', 'Wright', 'V']": 0.9995809241085347, "['25085217', '25085194', 'Wright', 'V']": 0.9941098781325048, "['25085217', '25085190', 'Wright', 'V']": 0.9853052455294474, "['25085217', '25086135', 'Wright', 'V']": 0.9941098571594392, "['25085217', '1522515', 'Wright', 'V']": 0.9622216397504102, "['25085217', '1522537', 'Wright', 'V']": 0.9622216397504102, "['25085217', '3781187', 'Wright', 'V']": 0.9629850083038315, "['25085217', '3781942', 'Wright', 'V']": 0.9622216397504102, "['25085217', '3782106', 'Wright', 'V']": 0.9629852315049162, "['25085217', '3782105', 'Wright', 'V']": 0.9629850083038315, "['10.2307/1565376', '25085218', 'Wright', 'V']": 0.9622274948794423, "['10.2307/1565376', '25735370', 'Wright', 'V']": 0.9395971989549661, "['10.2307/1565376', '25085185', 'Wright', 'V']": 0.962227513516216, "['10.2307/1565376', '25085212', 'Wright', 'V']": 0.9622275134911313, "['10.2307/1565376', '25085050', 'Wright', 'V']": 0.9622275134911313, "['10.2307/1565376', '25085134', 'Wright', 'V']": 0.9352752071514235, "['10.2307/1565376', '25085049', 'Wright', 'V']": 0.962227513516216, "['10.2307/1565376', '25481796', 'Wright', 'V']": 0.9352752106255288, "['10.2307/1565376', '10.2307/3800262', 'Wright', 'V']": 0.999989225548174, "['10.2307/1565376', '1304992', 'Wright', 'V']": 0.9622608290686411, "['10.2307/1565376', '25085194', 'Wright', 'V']": 0.9352752071514235, "['10.2307/1565376', '25085190', 'Wright', 'V']": 0.971204511179553, "['10.2307/1565376', '25086135', 'Wright', 'V']": 0.9352752106255288, "['10.2307/1565376', '1522515', 'Wright', 'V']": 0.999989225548174, "['10.2307/1565376', '1522537', 'Wright', 'V']": 0.999989225548174, "['10.2307/1565376', '3781187', 'Wright', 'V']": 0.9999892022221666, "['10.2307/1565376', '3781942', 'Wright', 'V']": 0.999989225548174, "['10.2307/1565376', '3782106', 'Wright', 'V']": 0.9999892022153465, "['10.2307/1565376', '3782105', 'Wright', 'V']": 0.9999892022221666, "['25085218', '25735370', 'Wright', 'V']": 0.9814845141538608, "['25085218', '25085185', 'Wright', 'V']": 0.9999650561737115, "['25085218', '25085212', 'Wright', 'V']": 0.9999650563006275, "['25085218', '25085050', 'Wright', 'V']": 0.9999650561737115, "['25085218', '25085134', 'Wright', 'V']": 0.9968425523878117, "['25085218', '25085049', 'Wright', 'V']": 0.9999650561737115, "['25085218', '25481796', 'Wright', 'V']": 0.9968425409557339, "['25085218', '10.2307/3800262', 'Wright', 'V']": 0.9814845141538608, "['25085218', '1304992', 'Wright', 'V']": 0.9997963297839041, "['25085218', '25085194', 'Wright', 'V']": 0.9968425523878117, "['25085218', '25085190', 'Wright', 'V']": 0.9927225304100115, "['25085218', '25086135', 'Wright', 'V']": 0.9968425409557339, "['25085218', '1522515', 'Wright', 'V']": 0.9814845141538608, "['25085218', '1522537', 'Wright', 'V']": 0.9814845141538608,