{"['4534102', '10.2307/2425725', 'Harrington', 'F']": 0.9999956587103129, "['4534102', '4599604', 'Harrington', 'F']": 0.9999957582604942, "['4534102', '4599574', 'Harrington', 'F']": 0.9999957582604942, "['4534102', '3244702', 'Harrington', 'F']": 0.9705891259093525, "['4534102', '4533952', 'Harrington', 'F']": 0.9999957582613676, "['4534102', '42881720', 'Harrington', 'F']": 0.9880416734066497, "['4534102', '10.2307/1367925', 'Harrington', 'F']": 0.9999957582604942, "['4534102', '41761526', 'Harrington', 'F']": 0.9845832917494226, "['4534102', '10.2307/3808560', 'Harrington', 'F']": 0.9999957582604942, "['4534102', '10.2307/3802646', 'Harrington', 'F']": 0.9999956587103129, "['4534102', '41761632', 'Harrington', 'F']": 0.9705891259093525, "['4534102', '10.2307/1376453', 'Harrington', 'F']": 0.9999510415532756, "['4534102', '10.2307/1380452', 'Harrington', 'F']": 0.9999956587103129, "['4534102', '10.2307/3761299', 'Harrington', 'F']": 0.9705891259093525, "['4534102', '4222880', 'Harrington', 'F']": 0.9999956587103129, "['4534102', '10.2307/3761192', 'Harrington', 'F']": 0.9845832917494226, "['4534102', '10.2307/3761080', 'Harrington', 'F']": 0.9705891259093525, "['4534102', '10.2307/1223069', 'Harrington', 'F']": 0.9845832917494226, "['10.2307/2425725', '4599604', 'Harrington', 'F']": 0.9999956587103129, "['10.2307/2425725', '4599574', 'Harrington', 'F']": 0.9999956587103129, "['10.2307/2425725', '3244702', 'Harrington', 'F']": 0.9705891259093525, "['10.2307/2425725', '4533952', 'Harrington', 'F']": 0.9999956587103129, "['10.2307/2425725', '42881720', 'Harrington', 'F']": 0.9880416734066497, "['10.2307/2425725', '10.2307/1367925', 'Harrington', 'F']": 0.9999956587103129, "['10.2307/2425725', '41761526', 'Harrington', 'F']": 0.9845832917494226, "['10.2307/2425725', '10.2307/3808560', 'Harrington', 'F']": 0.9999956587103129, "['10.2307/2425725', '10.2307/3802646', 'Harrington', 'F']": 0.9999956587103129, "['10.2307/2425725', '41761632', 'Harrington', 'F']": 0.9705891259093525, "['10.2307/2425725', '10.2307/1376453', 'Harrington', 'F']": 0.9999510415532756, "['10.2307/2425725', '10.2307/1380452', 'Harrington', 'F']": 0.9999956587103129, "['10.2307/2425725', '10.2307/3761299', 'Harrington', 'F']": 0.9705891259093525, "['10.2307/2425725', '4222880', 'Harrington', 'F']": 0.9999956587103129, "['10.2307/2425725', '10.2307/3761192', 'Harrington', 'F']": 0.9845832917494226, "['10.2307/2425725', '10.2307/3761080', 'Harrington', 'F']": 0.9705891259093525, "['10.2307/2425725', '10.2307/1223069', 'Harrington', 'F']": 0.9845832917494226, "['4599604', '4599574', 'Harrington', 'F']": 0.9999957696924008, "['4599604', '3244702', 'Harrington', 'F']": 0.9705891259093525, "['4599604', '4533952', 'Harrington', 'F']": 0.9999957785525676, "['4599604', '42881720', 'Harrington', 'F']": 0.9880416734066497, "['4599604', '10.2307/1367925', 'Harrington', 'F']": 0.9999957582604942, "['4599604', '41761526', 'Harrington', 'F']": 0.9845832917494226, "['4599604', '10.2307/3808560', 'Harrington', 'F']": 0.9999957785563793, "['4599604', '10.2307/3802646', 'Harrington', 'F']": 0.9999956587103129, "['4599604', '41761632', 'Harrington', 'F']": 0.9705891259093525, "['4599604', '10.2307/1376453', 'Harrington', 'F']": 0.9999510415532756, "['4599604', '10.2307/1380452', 'Harrington', 'F']": 0.9999956587103129, "['4599604', '10.2307/3761299', 'Harrington', 'F']": 0.9705891259093525, "['4599604', '4222880', 'Harrington', 'F']": 0.9999956587103129, "['4599604', '10.2307/3761192', 'Harrington', 'F']": 0.9845832917494226, "['4599604', '10.2307/3761080', 'Harrington', 'F']": 0.9705891259093525, "['4599604', '10.2307/1223069', 'Harrington', 'F']": 0.9845832917494226, "['4599574', '3244702', 'Harrington', 'F']": 0.9705891259093525, "['4599574', '4533952', 'Harrington', 'F']": 0.9999957785563793, "['4599574', '42881720', 'Harrington', 'F']": 0.9880416734066497, "['4599574', '10.2307/1367925', 'Harrington', 'F']": 0.9999957582895213, "['4599574', '41761526', 'Harrington', 'F']": 0.9845832917494226, "['4599574', '10.2307/3808560', 'Harrington', 'F']": 0.9999959918139996, "['4599574', '10.2307/3802646', 'Harrington', 'F']": 0.9999956587103129, "['4599574', '41761632', 'Harrington', 'F']": 0.9705891259093525, "['4599574', '10.2307/1376453', 'Harrington', 'F']": 0.9999510415532756, "['4599574', '10.2307/1380452', 'Harrington', 'F']": 0.9999956587103129, "['4599574', '10.2307/3761299', 'Harrington', 'F']": 0.9705891259093525, "['4599574', '4222880', 'Harrington', 'F']": 0.9999957582604942, "['4599574', '10.2307/3761192', 'Harrington', 'F']": 0.9845832917494226, "['4599574', '10.2307/3761080', 'Harrington', 'F']": 0.9705891259093525, "['4599574', '10.2307/1223069', 'Harrington', 'F']": 0.9845832917494226, "['3244702', '4533952', 'Harrington', 'F']": 0.9705891259093525, "['3244702', '42881720', 'Harrington', 'F']": 0.9887308741835982, "['3244702', '10.2307/1367925', 'Harrington', 'F']": 0.9705891259093525, "['3244702', '41761526', 'Harrington', 'F']": 0.9973164788855264, "['3244702', '10.2307/3808560', 'Harrington', 'F']": 0.9705891259093525, "['3244702', '10.2307/3802646', 'Harrington', 'F']": 0.9705891259093525, "['3244702', '41761632', 'Harrington', 'F']": 0.9999956587103129, "['3244702', '10.2307/1376453', 'Harrington', 'F']": 0.9905632718526048, "['3244702', '10.2307/1380452', 'Harrington', 'F']": 0.9705891259093525, "['3244702', '10.2307/3761299', 'Harrington', 'F']": 0.9999956587103129, "['3244702', '4222880', 'Harrington', 'F']": 0.9705891259093525, "['3244702', '10.2307/3761192', 'Harrington', 'F']": 0.9973164788855264, "['3244702', '10.2307/3761080', 'Harrington', 'F']": 0.9999956587103129, "['3244702', '10.2307/1223069', 'Harrington', 'F']": 0.9973164788855264, "['4533952', '42881720', 'Harrington', 'F']": 0.9880416734066497, "['4533952', '10.2307/1367925', 'Harrington', 'F']": 0.9999957582895213, "['4533952', '41761526', 'Harrington', 'F']": 0.9845832917494226, "['4533952', '10.2307/3808560', 'Harrington', 'F']": 0.9999957785563793, "['4533952', '10.2307/3802646', 'Harrington', 'F']": 0.9999956587103129, "['4533952', '41761632', 'Harrington', 'F']": 0.9705891259093525, "['4533952', '10.2307/1376453', 'Harrington', 'F']": 0.9999510415532756, "['4533952', '10.2307/1380452', 'Harrington', 'F']": 0.9999956587103129, "['4533952', '10.2307/3761299', 'Harrington', 'F']": 0.9705891259093525, "['4533952', '4222880', 'Harrington', 'F']": 0.9999956587103129, "['4533952', '10.2307/3761192', 'Harrington', 'F']": 0.9845832917494226, "['4533952', '10.2307/3761080', 'Harrington', 'F']": 0.9705891259093525, "['4533952', '10.2307/1223069', 'Harrington', 'F']": 0.9845832917494226, "['42881720', '10.2307/1367925', 'Harrington', 'F']": 0.9880416734066497, "['42881720', '41761526', 'Harrington', 'F']": 0.9998640952296539, "['42881720', '10.2307/3808560', 'Harrington', 'F']": 0.9880416734066497, "['42881720', '10.2307/3802646', 'Harrington', 'F']": 0.9880416734066497, "['42881720', '41761632', 'Harrington', 'F']": 0.9889696792128349, "['42881720', '10.2307/1376453', 'Harrington', 'F']": 0.9870983278040564, "['42881720', '10.2307/1380452', 'Harrington', 'F']": 0.9880415910253104, "['42881720', '10.2307/3761299', 'Harrington', 'F']": 0.9887308741835982, "['42881720', '4222880', 'Harrington', 'F']": 0.9880416734066497, "['42881720', '10.2307/3761192', 'Harrington', 'F']": 0.9998640952296539, "['42881720', '10.2307/3761080', 'Harrington', 'F']": 0.9887308741835982, "['42881720', '10.2307/1223069', 'Harrington', 'F']": 0.9998640952296539, "['10.2307/1367925', '41761526', 'Harrington', 'F']": 0.9845832917494226, "['10.2307/1367925', '10.2307/3808560', 'Harrington', 'F']": 0.9999957582895213, "['10.2307/1367925', '10.2307/3802646', 'Harrington', 'F']": 0.9999956587103129, "['10.2307/1367925', '41761632', 'Harrington', 'F']": 0.9705891259093525, "['10.2307/1367925', '10.2307/1376453', 'Harrington', 'F']": 0.9999510415532756, "['10.2307/1367925', '10.2307/1380452', 'Harrington', 'F']": 0.9999353910064588,