{"['10.2307/2424335', '10.2307/2422815', 'Grelen', 'H']": 0.9977129062159314, "['10.2307/2424335', '10.2307/2425080', 'Grelen', 'H']": 0.9977129062159314, "['10.2307/2424335', '4253433', 'Grelen', 'H']": 0.9999741169803773, "['10.2307/2424335', '10.2307/3896416', 'Grelen', 'H']": 0.9999486247796147, "['10.2307/2424335', '10.2307/3893953', 'Grelen', 'H']": 0.9976593633875032, "['10.2307/2424335', '10.2307/3897592', 'Grelen', 'H']": 0.9976593633875032, "['10.2307/2424335', '10.2307/3897087', 'Grelen', 'H']": 0.9976593633875032, "['10.2307/2424335', '10.2307/3897000', 'Grelen', 'H']": 0.9999741169803773, "['10.2307/2424335', '10.2307/3895953', 'Grelen', 'H']": 0.9976593633875032, "['10.2307/2424335', '10.2307/3896476', 'Grelen', 'H']": 0.9999741169803773, "['10.2307/2424335', '10.2307/3896287', 'Grelen', 'H']": 0.9999741169803773, "['10.2307/2424335', '10.2307/3896824', 'Grelen', 'H']": 0.9996881949462593, "['10.2307/2424335', '10.2307/3897745', 'Grelen', 'H']": 0.9976593633875032, "['10.2307/2424335', '10.2307/3895298', 'Grelen', 'H']": 0.9976593633875032, "['10.2307/2424335', '10.2307/4040219', 'Grelen', 'H']": 0.9952506253270814, "['10.2307/2422815', '10.2307/2425080', 'Grelen', 'H']": 0.9999963015018366, "['10.2307/2422815', '4253433', 'Grelen', 'H']": 0.9976593633875032, "['10.2307/2422815', '10.2307/3896416', 'Grelen', 'H']": 0.9952493492681769, "['10.2307/2422815', '10.2307/3893953', 'Grelen', 'H']": 0.9999962147140092, "['10.2307/2422815', '10.2307/3897592', 'Grelen', 'H']": 0.9999962147140092, "['10.2307/2422815', '10.2307/3897087', 'Grelen', 'H']": 0.9999962147140092, "['10.2307/2422815', '10.2307/3897000', 'Grelen', 'H']": 0.9976593633875032, "['10.2307/2422815', '10.2307/3895953', 'Grelen', 'H']": 0.9999962147140092, "['10.2307/2422815', '10.2307/3896476', 'Grelen', 'H']": 0.9976593633875032, "['10.2307/2422815', '10.2307/3896287', 'Grelen', 'H']": 0.9976593633875032, "['10.2307/2422815', '10.2307/3896824', 'Grelen', 'H']": 0.9999962147140092, "['10.2307/2422815', '10.2307/3897745', 'Grelen', 'H']": 0.9999962147140092, "['10.2307/2422815', '10.2307/3895298', 'Grelen', 'H']": 0.9999962147140092, "['10.2307/2422815', '10.2307/4040219', 'Grelen', 'H']": 0.9999924845354999, "['10.2307/2425080', '4253433', 'Grelen', 'H']": 0.9976593633875032, "['10.2307/2425080', '10.2307/3896416', 'Grelen', 'H']": 0.9952493544011255, "['10.2307/2425080', '10.2307/3893953', 'Grelen', 'H']": 0.9999962147140092, "['10.2307/2425080', '10.2307/3897592', 'Grelen', 'H']": 0.9999962147140092, "['10.2307/2425080', '10.2307/3897087', 'Grelen', 'H']": 0.9999962147140092, "['10.2307/2425080', '10.2307/3897000', 'Grelen', 'H']": 0.9976593633875032, "['10.2307/2425080', '10.2307/3895953', 'Grelen', 'H']": 0.9999962147140092, "['10.2307/2425080', '10.2307/3896476', 'Grelen', 'H']": 0.9976593633875032, "['10.2307/2425080', '10.2307/3896287', 'Grelen', 'H']": 0.9976593633875032, "['10.2307/2425080', '10.2307/3896824', 'Grelen', 'H']": 0.9999962147140092, "['10.2307/2425080', '10.2307/3897745', 'Grelen', 'H']": 0.9999962147140092, "['10.2307/2425080', '10.2307/3895298', 'Grelen', 'H']": 0.9999962147140092, "['10.2307/2425080', '10.2307/4040219', 'Grelen', 'H']": 0.9999923081095764, "['4253433', '10.2307/3896416', 'Grelen', 'H']": 0.9999486247796147, "['4253433', '10.2307/3893953', 'Grelen', 'H']": 0.9976593633875032, "['4253433', '10.2307/3897592', 'Grelen', 'H']": 0.9976593633875032, "['4253433', '10.2307/3897087', 'Grelen', 'H']": 0.9977129140340838, "['4253433', '10.2307/3897000', 'Grelen', 'H']": 0.9999741169803773, "['4253433', '10.2307/3895953', 'Grelen', 'H']": 0.9976593633875032, "['4253433', '10.2307/3896476', 'Grelen', 'H']": 0.9999741169803773, "['4253433', '10.2307/3896287', 'Grelen', 'H']": 0.9999741169803773, "['4253433', '10.2307/3896824', 'Grelen', 'H']": 0.9977129140340838, "['4253433', '10.2307/3897745', 'Grelen', 'H']": 0.9977129140340838, "['4253433', '10.2307/3895298', 'Grelen', 'H']": 0.9976593633875032, "['4253433', '10.2307/4040219', 'Grelen', 'H']": 0.9952506253270814, "['10.2307/3896416', '10.2307/3893953', 'Grelen', 'H']": 0.9953426113308095, "['10.2307/3896416', '10.2307/3897592', 'Grelen', 'H']": 0.9953548127114131, "['10.2307/3896416', '10.2307/3897087', 'Grelen', 'H']": 0.9953669453186513, "['10.2307/3896416', '10.2307/3897000', 'Grelen', 'H']": 0.999951962883116, "['10.2307/3896416', '10.2307/3895953', 'Grelen', 'H']": 0.9756254111191017, "['10.2307/3896416', '10.2307/3896476', 'Grelen', 'H']": 0.99994862479019, "['10.2307/3896416', '10.2307/3896287', 'Grelen', 'H']": 0.9999487631927311, "['10.2307/3896416', '10.2307/3896824', 'Grelen', 'H']": 0.9953669503269411, "['10.2307/3896416', '10.2307/3897745', 'Grelen', 'H']": 0.9953669503269411, "['10.2307/3896416', '10.2307/3895298', 'Grelen', 'H']": 0.9560223192933542, "['10.2307/3896416', '10.2307/4040219', 'Grelen', 'H']": 0.9902420600708639, "['10.2307/3893953', '10.2307/3897592', 'Grelen', 'H']": 0.9999963015018366, "['10.2307/3893953', '10.2307/3897087', 'Grelen', 'H']": 0.9999963015018366, "['10.2307/3893953', '10.2307/3897000', 'Grelen', 'H']": 0.9977067151717065, "['10.2307/3893953', '10.2307/3895953', 'Grelen', 'H']": 0.9999963015018366, "['10.2307/3893953', '10.2307/3896476', 'Grelen', 'H']": 0.9977129062159314, "['10.2307/3893953', '10.2307/3896287', 'Grelen', 'H']": 0.9977129062159314, "['10.2307/3893953', '10.2307/3896824', 'Grelen', 'H']": 0.9999963015018366, "['10.2307/3893953', '10.2307/3897745', 'Grelen', 'H']": 0.9999963015018366, "['10.2307/3893953', '10.2307/3895298', 'Grelen', 'H']": 0.9999963015018366, "['10.2307/3893953', '10.2307/4040219', 'Grelen', 'H']": 0.9999923035798898, "['10.2307/3897592', '10.2307/3897087', 'Grelen', 'H']": 0.9999963015018366, "['10.2307/3897592', '10.2307/3897000', 'Grelen', 'H']": 0.9977129062159314, "['10.2307/3897592', '10.2307/3895953', 'Grelen', 'H']": 0.9999963015018366, "['10.2307/3897592', '10.2307/3896476', 'Grelen', 'H']": 0.9977129062159314, "['10.2307/3897592', '10.2307/3896287', 'Grelen', 'H']": 0.9977129062159314, "['10.2307/3897592', '10.2307/3896824', 'Grelen', 'H']": 0.9999963015018366, "['10.2307/3897592', '10.2307/3897745', 'Grelen', 'H']": 0.99999630151527, "['10.2307/3897592', '10.2307/3895298', 'Grelen', 'H']": 0.9999963015018366, "['10.2307/3897592', '10.2307/4040219', 'Grelen', 'H']": 0.9999923029872427, "['10.2307/3897087', '10.2307/3897000', 'Grelen', 'H']": 0.9977190639229694, "['10.2307/3897087', '10.2307/3895953', 'Grelen', 'H']": 0.9999963015018366, "['10.2307/3897087', '10.2307/3896476', 'Grelen', 'H']": 0.997712914503945, "['10.2307/3897087', '10.2307/3896287', 'Grelen', 'H']": 0.9977190639229694, "['10.2307/3897087', '10.2307/3896824', 'Grelen', 'H']": 0.9999963015018366, "['10.2307/3897087', '10.2307/3897745', 'Grelen', 'H']": 0.9999963015018366, "['10.2307/3897087', '10.2307/3895298', 'Grelen', 'H']": 0.9999962914672187, "['10.2307/3897087', '10.2307/4040219', 'Grelen', 'H']": 0.9999924789031562, "['10.2307/3897000', '10.2307/3895953', 'Grelen', 'H']": 0.9930647890717443, "['10.2307/3897000', '10.2307/3896476', 'Grelen', 'H']": 0.9999747413594654, "['10.2307/3897000', '10.2307/3896287', 'Grelen', 'H']": 0.9999747104970181, "['10.2307/3897000', '10.2307/3896824', 'Grelen', 'H']": 0.9977129062159314, "['10.2307/3897000', '10.2307/3897745', 'Grelen', 'H']": 0.9977129062159314, "['10.2307/3897000', '10.2307/3895298', 'Grelen', 'H']": 0.9797621809446954, "['10.2307/3897000', '10.2307/4040219', 'Grelen', 'H']": 0.983761081542727, "['10.2307/3895953', '10.2307/3896476', 'Grelen', 'H']": 0.997712914503945, "['10.2307/3895953', '10.2307/3896287', 'Grelen', 'H']": 0.9862251099117639, "['10.2307/3895953', '10.2307/3896824', 'Grelen', 'H']": 0.9999963015018366, "['10.2307/3895953', '10.2307/3897745', 'Grelen', 'H']": 0.99999630151527, "['10.2307/3895953', '10.2307/3895298', 'Grelen', 'H']": 0.999988732545119, "['10.2307/3895953', '10.2307/4040219', 'Grelen', 'H']": 0.9999932612860643,