{"['42883332', '20166334', 'McClure', 'P']": 0.972343059004951, "['42883332', '10.2307/1942479', 'McClure', 'P']": 0.9893109194956966, "['42883332', '10.2307/1937043', 'McClure', 'P']": 0.9893109194956966, "['42883332', '10.2307/2389344', 'McClure', 'P']": 0.9998579385762845, "['42883332', '10.2307/1940555', 'McClure', 'P']": 0.9893109194956966, "['42883332', '10.2307/2389700', 'McClure', 'P']": 0.9998579385762845, "['42883332', '10.2307/2390558', 'McClure', 'P']": 0.9998822345421726, "['42883332', '10.2307/1381788', 'McClure', 'P']": 0.9893109194956966, "['42883332', '10.2307/1382603', 'McClure', 'P']": 0.9893109194956966, "['42883332', '10.2307/1381424', 'McClure', 'P']": 0.9893109194956966, "['42883332', '4268790', 'McClure', 'P']": 0.9652919746485688, "['42883332', '4267901', 'McClure', 'P']": 0.9647234514192748, "['42883332', '4266473', 'McClure', 'P']": 0.9652919293292266, "['42883332', '30156214', 'McClure', 'P']": 0.9998579385762845, "['42883332', '4271356', 'McClure', 'P']": 0.965291978750635, "['42883332', '4264552', 'McClure', 'P']": 0.9652919746485688, "['42883332', '30159961', 'McClure', 'P']": 0.9870147243679207, "['42883332', '4267167', 'McClure', 'P']": 0.963031701411734, "['42883332', '4265917', 'McClure', 'P']": 0.9652919745616785, "['42883332', '4270576', 'McClure', 'P']": 0.9629528014574589, "['42883332', '4272814', 'McClure', 'P']": 0.965291974501651, "['42883332', '30158179', 'McClure', 'P']": 0.9998579385762845, "['42883332', '4272815', 'McClure', 'P']": 0.965291974501651, "['20166334', '10.2307/1942479', 'McClure', 'P']": 0.9999796316347418, "['20166334', '10.2307/1937043', 'McClure', 'P']": 0.9999801114896893, "['20166334', '10.2307/2389344', 'McClure', 'P']": 0.9858777873767954, "['20166334', '10.2307/1940555', 'McClure', 'P']": 0.9999801123146639, "['20166334', '10.2307/2389700', 'McClure', 'P']": 0.9858777873767954, "['20166334', '10.2307/2390558', 'McClure', 'P']": 0.9895868594480225, "['20166334', '10.2307/1381788', 'McClure', 'P']": 0.9999796791517334, "['20166334', '10.2307/1382603', 'McClure', 'P']": 0.999980110081343, "['20166334', '10.2307/1381424', 'McClure', 'P']": 0.999980110081343, "['20166334', '4268790', 'McClure', 'P']": 0.9254008410602592, "['20166334', '4267901', 'McClure', 'P']": 0.9254092552007427, "['20166334', '4266473', 'McClure', 'P']": 0.9254603434431341, "['20166334', '30156214', 'McClure', 'P']": 0.985877787369207, "['20166334', '4271356', 'McClure', 'P']": 0.9255699153980524, "['20166334', '4264552', 'McClure', 'P']": 0.9254008410602592, "['20166334', '30159961', 'McClure', 'P']": 0.9999858079154822, "['20166334', '4267167', 'McClure', 'P']": 0.9133017465450086, "['20166334', '4265917', 'McClure', 'P']": 0.9254008408736613, "['20166334', '4270576', 'McClure', 'P']": 0.9132313957908164, "['20166334', '4272814', 'McClure', 'P']": 0.9254008407715207, "['20166334', '30158179', 'McClure', 'P']": 0.9858843672553753, "['20166334', '4272815', 'McClure', 'P']": 0.9254008407715207, "['10.2307/1942479', '10.2307/1937043', 'McClure', 'P']": 0.9999951709691616, "['10.2307/1942479', '10.2307/2389344', 'McClure', 'P']": 0.9968425517397085, "['10.2307/1942479', '10.2307/1940555', 'McClure', 'P']": 0.9999993122648334, "['10.2307/1942479', '10.2307/2389700', 'McClure', 'P']": 0.9968486548797777, "['10.2307/1942479', '10.2307/2390558', 'McClure', 'P']": 0.9991847049738687, "['10.2307/1942479', '10.2307/1381788', 'McClure', 'P']": 0.9999948895859871, "['10.2307/1942479', '10.2307/1382603', 'McClure', 'P']": 0.9999993226272866, "['10.2307/1942479', '10.2307/1381424', 'McClure', 'P']": 0.9999976994462855, "['10.2307/1942479', '4268790', 'McClure', 'P']": 0.9285339457572466, "['10.2307/1942479', '4267901', 'McClure', 'P']": 0.9287212076512876, "['10.2307/1942479', '4266473', 'McClure', 'P']": 0.9292756442488826, "['10.2307/1942479', '30156214', 'McClure', 'P']": 0.9968486548797777, "['10.2307/1942479', '4271356', 'McClure', 'P']": 0.9292757157759431, "['10.2307/1942479', '4264552', 'McClure', 'P']": 0.9285339457572466, "['10.2307/1942479', '30159961', 'McClure', 'P']": 0.9999949074317273, "['10.2307/1942479', '4267167', 'McClure', 'P']": 0.9251466898919695, "['10.2307/1942479', '4265917', 'McClure', 'P']": 0.9285339456001233, "['10.2307/1942479', '4270576', 'McClure', 'P']": 0.9237006032474244, "['10.2307/1942479', '4272814', 'McClure', 'P']": 0.9285339455114305, "['10.2307/1942479', '30158179', 'McClure', 'P']": 0.99676868812169, "['10.2307/1942479', '4272815', 'McClure', 'P']": 0.9285339455114305, "['10.2307/1937043', '10.2307/2389344', 'McClure', 'P']": 0.99676868812169, "['10.2307/1937043', '10.2307/1940555', 'McClure', 'P']": 0.9999977234799102, "['10.2307/1937043', '10.2307/2389700', 'McClure', 'P']": 0.99676868812169, "['10.2307/1937043', '10.2307/2390558', 'McClure', 'P']": 0.997313706919267, "['10.2307/1937043', '10.2307/1381788', 'McClure', 'P']": 0.9999951709691616, "['10.2307/1937043', '10.2307/1382603', 'McClure', 'P']": 0.9999976944702684, "['10.2307/1937043', '10.2307/1381424', 'McClure', 'P']": 0.9999948994952589, "['10.2307/1937043', '4268790', 'McClure', 'P']": 0.9285503527532055, "['10.2307/1937043', '4267901', 'McClure', 'P']": 0.9285257246078439, "['10.2307/1937043', '4266473', 'McClure', 'P']": 0.9285502855700594, "['10.2307/1937043', '30156214', 'McClure', 'P']": 0.99676868812169, "['10.2307/1937043', '4271356', 'McClure', 'P']": 0.9285503580336095, "['10.2307/1937043', '4264552', 'McClure', 'P']": 0.9285503527532055, "['10.2307/1937043', '30159961', 'McClure', 'P']": 0.99999491842289, "['10.2307/1937043', '4267167', 'McClure', 'P']": 0.923700571479772, "['10.2307/1937043', '4265917', 'McClure', 'P']": 0.9285503525961477, "['10.2307/1937043', '4270576', 'McClure', 'P']": 0.923700571479772, "['10.2307/1937043', '4272814', 'McClure', 'P']": 0.928550352507475, "['10.2307/1937043', '30158179', 'McClure', 'P']": 0.99676868812169, "['10.2307/1937043', '4272815', 'McClure', 'P']": 0.928550352507475, "['10.2307/2389344', '10.2307/1940555', 'McClure', 'P']": 0.99676868812169, "['10.2307/2389344', '10.2307/2389700', 'McClure', 'P']": 0.9999651504672864, "['10.2307/2389344', '10.2307/2390558', 'McClure', 'P']": 0.9999280285908716, "['10.2307/2389344', '10.2307/1381788', 'McClure', 'P']": 0.99676868812169, "['10.2307/2389344', '10.2307/1382603', 'McClure', 'P']": 0.99676868812169, "['10.2307/2389344', '10.2307/1381424', 'McClure', 'P']": 0.99676868812169, "['10.2307/2389344', '4268790', 'McClure', 'P']": 0.9714589875566579, "['10.2307/2389344', '4267901', 'McClure', 'P']": 0.9333279814908948, "['10.2307/2389344', '4266473', 'McClure', 'P']": 0.9714589752319598, "['10.2307/2389344', '30156214', 'McClure', 'P']": 0.9999652234870522, "['10.2307/2389344', '4271356', 'McClure', 'P']": 0.9715356714757536, "['10.2307/2389344', '4264552', 'McClure', 'P']": 0.9714589875566579, "['10.2307/2389344', '30159961', 'McClure', 'P']": 0.9890127027840846, "['10.2307/2389344', '4267167', 'McClure', 'P']": 0.9574263371493307, "['10.2307/2389344', '4265917', 'McClure', 'P']": 0.971458987514735, "['10.2307/2389344', '4270576', 'McClure', 'P']": 0.9574263371493307, "['10.2307/2389344', '4272814', 'McClure', 'P']": 0.9714589874986147, "['10.2307/2389344', '30158179', 'McClure', 'P']": 0.9999652234556522, "['10.2307/2389344', '4272815', 'McClure', 'P']": 0.9714589874986147, "['10.2307/1940555', '10.2307/2389700', 'McClure', 'P']": 0.99676868812169, "['10.2307/1940555', '10.2307/2390558', 'McClure', 'P']": 0.9991880567848814, "['10.2307/1940555', '10.2307/1381788', 'McClure', 'P']": 0.9999951709691616, "['10.2307/1940555', '10.2307/1382603', 'McClure', 'P']": 0.9999948994952589, "['10.2307/1940555', '10.2307/1381424', 'McClure', 'P']": 0.9999948994952589, "['10.2307/1940555', '4268790', 'McClure', 'P']": 0.9285337609355643, "['10.2307/1940555', '4267901', 'McClure', 'P']": 0.9285091268515, "['10.2307/1940555', '4266473', 'McClure', 'P']": 0.9285336937369064, "['10.2307/1940555', '30156214', 'McClure', 'P']": 0.9968425732785664,