{"['2994566', '2465168', 'Newcombe', 'F']": 0.9977129062159314, "['2994566', '2435490', 'Newcombe', 'F']": 0.9992631189880598, "['2994566', '2464339', 'Newcombe', 'F']": 0.9977129062159314, "['2994566', '2464263', 'Newcombe', 'F']": 0.9977129062159314, "['2994566', '2435180', 'Newcombe', 'F']": 0.9999741169803773, "['2994566', '2435484', 'Newcombe', 'F']": 0.9992631189880598, "['2994566', '2465559', 'Newcombe', 'F']": 0.9977129062159314, "['2994566', '2464234', 'Newcombe', 'F']": 0.9977129062159314, "['2994566', '2465652', 'Newcombe', 'F']": 0.9930647890717443, "['2994566', '2464880', 'Newcombe', 'F']": 0.9977129062159314, "['2994566', '2465338', 'Newcombe', 'F']": 0.9867520963994192, "['2994566', '2464184', 'Newcombe', 'F']": 0.9977129062159314, "['2994566', '2455763', 'Newcombe', 'F']": 0.9662599235464838, "['2994566', '10.2307/3752565', 'Newcombe', 'F']": 0.9999741169803773, "['2994566', '2427684', 'Newcombe', 'F']": 0.9999502535603125, "['2465168', '2435490', 'Newcombe', 'F']": 0.9952493486803989, "['2465168', '2464339', 'Newcombe', 'F']": 0.9999963015018366, "['2465168', '2464263', 'Newcombe', 'F']": 0.99999630151527, "['2465168', '2435180', 'Newcombe', 'F']": 0.9976593633875032, "['2465168', '2435484', 'Newcombe', 'F']": 0.9952493486803989, "['2465168', '2465559', 'Newcombe', 'F']": 0.9999963015018366, "['2465168', '2464234', 'Newcombe', 'F']": 0.9999963015018366, "['2465168', '2465652', 'Newcombe', 'F']": 0.99999630151527, "['2465168', '2464880', 'Newcombe', 'F']": 0.9999963114822971, "['2465168', '2465338', 'Newcombe', 'F']": 0.9999925047381718, "['2465168', '2464184', 'Newcombe', 'F']": 0.9999963015018366, "['2465168', '2455763', 'Newcombe', 'F']": 0.9999962147140092, "['2465168', '10.2307/3752565', 'Newcombe', 'F']": 0.9976593633875032, "['2465168', '2427684', 'Newcombe', 'F']": 0.9952493486803989, "['2435490', '2464339', 'Newcombe', 'F']": 0.995249349863647, "['2435490', '2464263', 'Newcombe', 'F']": 0.995249349863647, "['2435490', '2435180', 'Newcombe', 'F']": 0.9999629488109071, "['2435490', '2435484', 'Newcombe', 'F']": 0.9999887338254944, "['2435490', '2465559', 'Newcombe', 'F']": 0.9952497966868915, "['2435490', '2464234', 'Newcombe', 'F']": 0.995249349863647, "['2435490', '2465652', 'Newcombe', 'F']": 0.9510959019951748, "['2435490', '2464880', 'Newcombe', 'F']": 0.9952493486803989, "['2435490', '2465338', 'Newcombe', 'F']": 0.9834114645484752, "['2435490', '2464184', 'Newcombe', 'F']": 0.9952497966868915, "['2435490', '2455763', 'Newcombe', 'F']": 0.9953633128519613, "['2435490', '10.2307/3752565', 'Newcombe', 'F']": 0.9999620794712293, "['2435490', '2427684', 'Newcombe', 'F']": 0.9999741169803773, "['2464339', '2464263', 'Newcombe', 'F']": 0.9999994988823433, "['2464339', '2435180', 'Newcombe', 'F']": 0.9976593633875032, "['2464339', '2435484', 'Newcombe', 'F']": 0.995249349863647, "['2464339', '2465559', 'Newcombe', 'F']": 0.9999963015018366, "['2464339', '2464234', 'Newcombe', 'F']": 0.9999994988823433, "['2464339', '2465652', 'Newcombe', 'F']": 0.9999963015018366, "['2464339', '2464880', 'Newcombe', 'F']": 0.9999963015018366, "['2464339', '2465338', 'Newcombe', 'F']": 0.9999924640684363, "['2464339', '2464184', 'Newcombe', 'F']": 0.99999630151527, "['2464339', '2455763', 'Newcombe', 'F']": 0.9999962147140092, "['2464339', '10.2307/3752565', 'Newcombe', 'F']": 0.9976593633875032, "['2464339', '2427684', 'Newcombe', 'F']": 0.995249349863647, "['2464263', '2435180', 'Newcombe', 'F']": 0.9976593633875032, "['2464263', '2435484', 'Newcombe', 'F']": 0.995249349863647, "['2464263', '2465559', 'Newcombe', 'F']": 0.9999963015018366, "['2464263', '2464234', 'Newcombe', 'F']": 0.9999994988823433, "['2464263', '2465652', 'Newcombe', 'F']": 0.9999963015018366, "['2464263', '2464880', 'Newcombe', 'F']": 0.9999963015018366, "['2464263', '2465338', 'Newcombe', 'F']": 0.9999924640684363, "['2464263', '2464184', 'Newcombe', 'F']": 0.99999630151527, "['2464263', '2455763', 'Newcombe', 'F']": 0.9999962147140092, "['2464263', '10.2307/3752565', 'Newcombe', 'F']": 0.9976593633875032, "['2464263', '2427684', 'Newcombe', 'F']": 0.995249349863647, "['2435180', '2435484', 'Newcombe', 'F']": 0.9999629488109071, "['2435180', '2465559', 'Newcombe', 'F']": 0.9976593633875032, "['2435180', '2464234', 'Newcombe', 'F']": 0.9976593633875032, "['2435180', '2465652', 'Newcombe', 'F']": 0.9976593633875032, "['2435180', '2464880', 'Newcombe', 'F']": 0.9976593633875032, "['2435180', '2465338', 'Newcombe', 'F']": 0.9510971777021348, "['2435180', '2464184', 'Newcombe', 'F']": 0.9976593633875032, "['2435180', '2455763', 'Newcombe', 'F']": 0.9976593633875032, "['2435180', '10.2307/3752565', 'Newcombe', 'F']": 0.9999741169803773, "['2435180', '2427684', 'Newcombe', 'F']": 0.9999620794712293, "['2435484', '2465559', 'Newcombe', 'F']": 0.9952497966868915, "['2435484', '2464234', 'Newcombe', 'F']": 0.995249349863647, "['2435484', '2465652', 'Newcombe', 'F']": 0.9510959019951748, "['2435484', '2464880', 'Newcombe', 'F']": 0.9952493486803989, "['2435484', '2465338', 'Newcombe', 'F']": 0.9834114619931663, "['2435484', '2464184', 'Newcombe', 'F']": 0.9952497966868915, "['2435484', '2455763', 'Newcombe', 'F']": 0.9953632821291565, "['2435484', '10.2307/3752565', 'Newcombe', 'F']": 0.9999620794712293, "['2435484', '2427684', 'Newcombe', 'F']": 0.9999741169803773, "['2465559', '2464234', 'Newcombe', 'F']": 0.9999963015018366, "['2465559', '2465652', 'Newcombe', 'F']": 0.9999962914672187, "['2465559', '2464880', 'Newcombe', 'F']": 0.9999963015018366, "['2465559', '2465338', 'Newcombe', 'F']": 0.9999771061893036, "['2465559', '2464184', 'Newcombe', 'F']": 0.9999963015018366, "['2465559', '2455763', 'Newcombe', 'F']": 0.9999962147140092, "['2465559', '10.2307/3752565', 'Newcombe', 'F']": 0.9976593633875032, "['2465559', '2427684', 'Newcombe', 'F']": 0.9952497966868915, "['2464234', '2465652', 'Newcombe', 'F']": 0.9999963015018366, "['2464234', '2464880', 'Newcombe', 'F']": 0.99999630151527, "['2464234', '2465338', 'Newcombe', 'F']": 0.9999924640684363, "['2464234', '2464184', 'Newcombe', 'F']": 0.99999630151527, "['2464234', '2455763', 'Newcombe', 'F']": 0.9999962147140092, "['2464234', '10.2307/3752565', 'Newcombe', 'F']": 0.9976593633875032, "['2464234', '2427684', 'Newcombe', 'F']": 0.995249349863647, "['2465652', '2464880', 'Newcombe', 'F']": 0.99999630151527, "['2465652', '2465338', 'Newcombe', 'F']": 0.9999669840355804, "['2465652', '2464184', 'Newcombe', 'F']": 0.9999962914672187, "['2465652', '2455763', 'Newcombe', 'F']": 0.999943665264591, "['2465652', '10.2307/3752565', 'Newcombe', 'F']": 0.9976593633875032, "['2465652', '2427684', 'Newcombe', 'F']": 0.9510959019951748, "['2464880', '2465338', 'Newcombe', 'F']": 0.9999925047381718, "['2464880', '2464184', 'Newcombe', 'F']": 0.9999963015018366, "['2464880', '2455763', 'Newcombe', 'F']": 0.9999962147140092, "['2464880', '10.2307/3752565', 'Newcombe', 'F']": 0.9976593633875032, "['2464880', '2427684', 'Newcombe', 'F']": 0.9952493486803989, "['2465338', '2464184', 'Newcombe', 'F']": 0.9999771061893036, "['2465338', '2455763', 'Newcombe', 'F']": 0.9996952053496906, "['2465338', '10.2307/3752565', 'Newcombe', 'F']": 0.9510973486495732, "['2465338', '2427684', 'Newcombe', 'F']": 0.9834552652898373, "['2464184', '2455763', 'Newcombe', 'F']": 0.9999962147140092, "['2464184', '10.2307/3752565', 'Newcombe', 'F']": 0.9976593633875032, "['2464184', '2427684', 'Newcombe', 'F']": 0.9952497966868915, "['2455763', '10.2307/3752565', 'Newcombe', 'F']": 0.9976593633875032, "['2455763', '2427684', 'Newcombe', 'F']": 0.9952579944013978, "['10.2307/3752565', '2427684', 'Newcombe', 'F']": 0.9999620794712293}