{"['4540854', '40961075', 'Whitney', 'T']": 0.9999958401286009, "['4540854', '4155585', 'Whitney', 'T']": 0.9281666919566895, "['4540854', '4154753', 'Whitney', 'T']": 0.9860676938790572, "['4540854', '4154766', 'Whitney', 'T']": 0.9857973074868251, "['4540854', '4155354', 'Whitney', 'T']": 0.9843563487448825, "['4540854', '4155285', 'Whitney', 'T']": 0.9839491755616689, "['4540854', '4154584', 'Whitney', 'T']": 0.9718047018620648, "['40961075', '4155585', 'Whitney', 'T']": 0.9120654619223643, "['40961075', '4154753', 'Whitney', 'T']": 0.9647611506908067, "['40961075', '4154766', 'Whitney', 'T']": 0.9853127262374803, "['40961075', '4155354', 'Whitney', 'T']": 0.9845900325484447, "['40961075', '4155285', 'Whitney', 'T']": 0.9843951136539005, "['40961075', '4154584', 'Whitney', 'T']": 0.9724787626055, "['4155585', '4154753', 'Whitney', 'T']": 0.9330471558198892, "['4155585', '4154766', 'Whitney', 'T']": 0.9319072638559487, "['4155585', '4155354', 'Whitney', 'T']": 0.9661781981444012, "['4155585', '4155285', 'Whitney', 'T']": 0.977150070951026, "['4155585', '4154584', 'Whitney', 'T']": 0.9578184215259486, "['4154753', '4154766', 'Whitney', 'T']": 0.9999133833119318, "['4154753', '4155354', 'Whitney', 'T']": 0.9999714818685917, "['4154753', '4155285', 'Whitney', 'T']": 0.999758319839307, "['4154753', '4154584', 'Whitney', 'T']": 0.9976174950039487, "['4154766', '4155354', 'Whitney', 'T']": 0.9999854495939174, "['4154766', '4155285', 'Whitney', 'T']": 0.9998100558789342, "['4154766', '4154584', 'Whitney', 'T']": 0.9986828520669788, "['4155354', '4155285', 'Whitney', 'T']": 0.9999854495939174, "['4155354', '4154584', 'Whitney', 'T']": 0.9986828520669788, "['4155285', '4154584', 'Whitney', 'T']": 0.9986828520669788}