{"['4086738', '4086610', 'Dixon', 'T']": 0.9999981570691202, "['4086738', '30062440', 'Dixon', 'T']": 0.9899387053848461, "['4086738', '4164549', 'Dixon', 'T']": 0.9859499149749038, "['4086610', '30062440', 'Dixon', 'T']": 0.9982058022145017, "['4086610', '4164549', 'Dixon', 'T']": 0.9920242621109953, "['30062440', '4164549', 'Dixon', 'T']": 0.9899387053848461}