{"['10.2307/3244180', '10.2307/3242314', 'Selkirk', 'P']": 0.9550298574932787, "['10.2307/3244180', '10.2307/1552610', 'Selkirk', 'P']": 0.9964160135774238, "['10.2307/3244180', '24551717', 'Selkirk', 'P']": 0.9543785820356527, "['10.2307/3244180', '10.2307/3241965', 'Selkirk', 'P']": 0.9550298574932787, "['10.2307/3244180', '10.2307/3242395', 'Selkirk', 'P']": 0.9550298574932787, "['10.2307/3244180', '10.2307/3244503', 'Selkirk', 'P']": 0.9999328592594044, "['10.2307/3244180', '41712753', 'Selkirk', 'P']": 0.9550299893950647, "['10.2307/3244180', '4223170', 'Selkirk', 'P']": 0.9673393056455319, "['10.2307/3242314', '10.2307/1552610', 'Selkirk', 'P']": 0.9995062180447918, "['10.2307/3242314', '24551717', 'Selkirk', 'P']": 0.9999836415634713, "['10.2307/3242314', '10.2307/3241965', 'Selkirk', 'P']": 0.9999840166198679, "['10.2307/3242314', '10.2307/3242395', 'Selkirk', 'P']": 0.9999840166198679, "['10.2307/3242314', '10.2307/3244503', 'Selkirk', 'P']": 0.9529999369659525, "['10.2307/3242314', '41712753', 'Selkirk', 'P']": 0.9999836415634713, "['10.2307/3242314', '4223170', 'Selkirk', 'P']": 0.8932432689858099, "['10.2307/1552610', '24551717', 'Selkirk', 'P']": 0.999518510580101, "['10.2307/1552610', '10.2307/3241965', 'Selkirk', 'P']": 0.9995062180447918, "['10.2307/1552610', '10.2307/3242395', 'Selkirk', 'P']": 0.9995062180447918, "['10.2307/1552610', '10.2307/3244503', 'Selkirk', 'P']": 0.9521979806021482, "['10.2307/1552610', '41712753', 'Selkirk', 'P']": 0.9995062183022954, "['10.2307/1552610', '4223170', 'Selkirk', 'P']": 0.9291039242919239, "['24551717', '10.2307/3241965', 'Selkirk', 'P']": 0.9999836415634713, "['24551717', '10.2307/3242395', 'Selkirk', 'P']": 0.9999836415634713, "['24551717', '10.2307/3244503', 'Selkirk', 'P']": 0.9526606737950121, "['24551717', '41712753', 'Selkirk', 'P']": 0.9999836415634713, "['24551717', '4223170', 'Selkirk', 'P']": 0.8930416555269689, "['10.2307/3241965', '10.2307/3242395', 'Selkirk', 'P']": 0.9999840597507645, "['10.2307/3241965', '10.2307/3244503', 'Selkirk', 'P']": 0.9529999369659525, "['10.2307/3241965', '41712753', 'Selkirk', 'P']": 0.9999836415634713, "['10.2307/3241965', '4223170', 'Selkirk', 'P']": 0.8932432689858099, "['10.2307/3242395', '10.2307/3244503', 'Selkirk', 'P']": 0.9529999369659525, "['10.2307/3242395', '41712753', 'Selkirk', 'P']": 0.9999836415634713, "['10.2307/3242395', '4223170', 'Selkirk', 'P']": 0.8932432689858099, "['10.2307/3244503', '41712753', 'Selkirk', 'P']": 0.9530000165363888, "['10.2307/3244503', '4223170', 'Selkirk', 'P']": 0.9704688331496657, "['41712753', '4223170', 'Selkirk', 'P']": 0.893243425886536}