{"['43792391', '43792608', 'Hausmann', 'F']": 0.9999979288160263, "['43792391', '43792635', 'Hausmann', 'F']": 0.9999979288160263, "['43792391', '43793215', 'Hausmann', 'F']": 0.9999983834438115, "['43792391', '43792853', 'Hausmann', 'F']": 0.9626747900990645, "['43792391', '43792601', 'Hausmann', 'F']": 0.99999838343794, "['43792391', '23647042', 'Hausmann', 'F']": 0.9609972673352534, "['43792391', '43792650', 'Hausmann', 'F']": 0.9999979288160263, "['43792608', '43792635', 'Hausmann', 'F']": 0.9999983834438115, "['43792608', '43793215', 'Hausmann', 'F']": 0.9999979288160263, "['43792608', '43792853', 'Hausmann', 'F']": 0.9942375697824037, "['43792608', '43792601', 'Hausmann', 'F']": 0.9999994699898832, "['43792608', '23647042', 'Hausmann', 'F']": 0.9851389620631296, "['43792608', '43792650', 'Hausmann', 'F']": 0.9999983834438115, "['43792635', '43793215', 'Hausmann', 'F']": 0.9999979288160263, "['43792635', '43792853', 'Hausmann', 'F']": 0.9942375710632373, "['43792635', '43792601', 'Hausmann', 'F']": 0.9999960883881525, "['43792635', '23647042', 'Hausmann', 'F']": 0.9851392869577108, "['43792635', '43792650', 'Hausmann', 'F']": 0.9999980996420716, "['43793215', '43792853', 'Hausmann', 'F']": 0.9626747900990645, "['43793215', '43792601', 'Hausmann', 'F']": 0.99999838343794, "['43793215', '23647042', 'Hausmann', 'F']": 0.9609972673352534, "['43793215', '43792650', 'Hausmann', 'F']": 0.9999979288160263, "['43792853', '43792601', 'Hausmann', 'F']": 0.9618117587372914, "['43792853', '23647042', 'Hausmann', 'F']": 0.9980476447491835, "['43792853', '43792650', 'Hausmann', 'F']": 0.9942375710632373, "['43792601', '23647042', 'Hausmann', 'F']": 0.9851363942482466, "['43792601', '43792650', 'Hausmann', 'F']": 0.9999960883881525, "['23647042', '43792650', 'Hausmann', 'F']": 0.9851392869577108}