{"['10.2307/1545765', '10.2307/2421537', 'Clarke', 'H']": 0.9999810044237479, "['10.2307/1545765', '2436028', 'Clarke', 'H']": 0.9999962147140092, "['10.2307/1545765', '2452589', 'Clarke', 'H']": 0.9560637148639608, "['10.2307/1545765', '2444717', 'Clarke', 'H']": 0.986531175452095, "['10.2307/1545765', '2452043', 'Clarke', 'H']": 0.9168871802086112, "['10.2307/1545765', '2452128', 'Clarke', 'H']": 0.932500026181513, "['10.2307/1545765', '20096605', 'Clarke', 'H']": 0.9742589300247952, "['10.2307/1545765', '20488975', 'Clarke', 'H']": 0.9821305747563901, "['10.2307/1545765', '3672641', 'Clarke', 'H']": 0.9756940064225351, "['10.2307/1545765', '10.2307/3672805', 'Clarke', 'H']": 0.986531175452095, "['10.2307/1545765', '42003875', 'Clarke', 'H']": 0.986531175452095, "['10.2307/1545765', '10.2307/2419000', 'Clarke', 'H']": 0.986531175452095, "['10.2307/1545765', '10.2307/2666723', 'Clarke', 'H']": 0.9868359648076792, "['10.2307/1545765', '10.2307/2666724', 'Clarke', 'H']": 0.986531175452095, "['10.2307/1545765', '40211871', 'Clarke', 'H']": 0.986531175452095, "['10.2307/2421537', '2436028', 'Clarke', 'H']": 0.9999810044237479, "['10.2307/2421537', '2452589', 'Clarke', 'H']": 0.9195782303129193, "['10.2307/2421537', '2444717', 'Clarke', 'H']": 0.9558452546329184, "['10.2307/2421537', '2452043', 'Clarke', 'H']": 0.9106734978179442, "['10.2307/2421537', '2452128', 'Clarke', 'H']": 0.9324810306052609, "['10.2307/2421537', '20096605', 'Clarke', 'H']": 0.9474622022842366, "['10.2307/2421537', '20488975', 'Clarke', 'H']": 0.9408053138821495, "['10.2307/2421537', '3672641', 'Clarke', 'H']": 0.9782135341954068, "['10.2307/2421537', '10.2307/3672805', 'Clarke', 'H']": 0.9558452543763266, "['10.2307/2421537', '42003875', 'Clarke', 'H']": 0.9558451101024532, "['10.2307/2421537', '10.2307/2419000', 'Clarke', 'H']": 0.9558452543553008, "['10.2307/2421537', '10.2307/2666723', 'Clarke', 'H']": 0.9558452543553008, "['10.2307/2421537', '10.2307/2666724', 'Clarke', 'H']": 0.9558451172576504, "['10.2307/2421537', '40211871', 'Clarke', 'H']": 0.9558452543553008, "['2436028', '2452589', 'Clarke', 'H']": 0.9560637148639608, "['2436028', '2444717', 'Clarke', 'H']": 0.9868359202984536, "['2436028', '2452043', 'Clarke', 'H']": 0.9168871802086112, "['2436028', '2452128', 'Clarke', 'H']": 0.932500026181513, "['2436028', '20096605', 'Clarke', 'H']": 0.9742589300247952, "['2436028', '20488975', 'Clarke', 'H']": 0.9821305747563901, "['2436028', '3672641', 'Clarke', 'H']": 0.9756940064225351, "['2436028', '10.2307/3672805', 'Clarke', 'H']": 0.986531175452095, "['2436028', '42003875', 'Clarke', 'H']": 0.986531175452095, "['2436028', '10.2307/2419000', 'Clarke', 'H']": 0.986531175452095, "['2436028', '10.2307/2666723', 'Clarke', 'H']": 0.986531175452095, "['2436028', '10.2307/2666724', 'Clarke', 'H']": 0.986531175452095, "['2436028', '40211871', 'Clarke', 'H']": 0.986531175452095, "['2452589', '2444717', 'Clarke', 'H']": 0.9730931382694747, "['2452589', '2452043', 'Clarke', 'H']": 0.9999881384407902, "['2452589', '2452128', 'Clarke', 'H']": 0.9999924356100048, "['2452589', '20096605', 'Clarke', 'H']": 0.9560637148639608, "['2452589', '20488975', 'Clarke', 'H']": 0.9816233898706486, "['2452589', '3672641', 'Clarke', 'H']": 0.9401753267244571, "['2452589', '10.2307/3672805', 'Clarke', 'H']": 0.9730931427254007, "['2452589', '42003875', 'Clarke', 'H']": 0.9730956480675726, "['2452589', '10.2307/2419000', 'Clarke', 'H']": 0.9730931430905317, "['2452589', '10.2307/2666723', 'Clarke', 'H']": 0.9730931430905317, "['2452589', '10.2307/2666724', 'Clarke', 'H']": 0.9730955238205481, "['2452589', '40211871', 'Clarke', 'H']": 0.9730931430905317, "['2444717', '2452043', 'Clarke', 'H']": 0.9528192835492866, "['2444717', '2452128', 'Clarke', 'H']": 0.9734280477805669, "['2444717', '20096605', 'Clarke', 'H']": 0.986531175452095, "['2444717', '20488975', 'Clarke', 'H']": 0.9897758639290054, "['2444717', '3672641', 'Clarke', 'H']": 0.9999616416725191, "['2444717', '10.2307/3672805', 'Clarke', 'H']": 0.9999966478796813, "['2444717', '42003875', 'Clarke', 'H']": 0.9999741169803773, "['2444717', '10.2307/2419000', 'Clarke', 'H']": 0.9999967340289104, "['2444717', '10.2307/2666723', 'Clarke', 'H']": 0.9999885488264668, "['2444717', '10.2307/2666724', 'Clarke', 'H']": 0.9999761029242795, "['2444717', '40211871', 'Clarke', 'H']": 0.9999885211072147, "['2452043', '2452128', 'Clarke', 'H']": 0.9999893858589533, "['2452043', '20096605', 'Clarke', 'H']": 0.9461907892638184, "['2452043', '20488975', 'Clarke', 'H']": 0.9384462016996891, "['2452043', '3672641', 'Clarke', 'H']": 0.951340633968774, "['2452043', '10.2307/3672805', 'Clarke', 'H']": 0.9528192954779424, "['2452043', '42003875', 'Clarke', 'H']": 0.9528260006757092, "['2452043', '10.2307/2419000', 'Clarke', 'H']": 0.9528192964554096, "['2452043', '10.2307/2666723', 'Clarke', 'H']": 0.9528192964554096, "['2452043', '10.2307/2666724', 'Clarke', 'H']": 0.9528256682251096, "['2452043', '40211871', 'Clarke', 'H']": 0.9528192964554096, "['2452128', '20096605', 'Clarke', 'H']": 0.9546516880329985, "['2452128', '20488975', 'Clarke', 'H']": 0.9598065182324564, "['2452128', '3672641', 'Clarke', 'H']": 0.9536168666835027, "['2452128', '10.2307/3672805', 'Clarke', 'H']": 0.9734280477805669, "['2452128', '42003875', 'Clarke', 'H']": 0.9734280477805669, "['2452128', '10.2307/2419000', 'Clarke', 'H']": 0.9734280477805669, "['2452128', '10.2307/2666723', 'Clarke', 'H']": 0.9734280477805669, "['2452128', '10.2307/2666724', 'Clarke', 'H']": 0.9734280477805669, "['2452128', '40211871', 'Clarke', 'H']": 0.9734280477805669, "['20096605', '20488975', 'Clarke', 'H']": 0.9828915898654761, "['20096605', '3672641', 'Clarke', 'H']": 0.9756940064225351, "['20096605', '10.2307/3672805', 'Clarke', 'H']": 0.986531175452095, "['20096605', '42003875', 'Clarke', 'H']": 0.986531175452095, "['20096605', '10.2307/2419000', 'Clarke', 'H']": 0.986531175452095, "['20096605', '10.2307/2666723', 'Clarke', 'H']": 0.986531175452095, "['20096605', '10.2307/2666724', 'Clarke', 'H']": 0.986531175452095, "['20096605', '40211871', 'Clarke', 'H']": 0.986531175452095, "['20488975', '3672641', 'Clarke', 'H']": 0.9628503136090819, "['20488975', '10.2307/3672805', 'Clarke', 'H']": 0.9897758648195876, "['20488975', '42003875', 'Clarke', 'H']": 0.9897763654992655, "['20488975', '10.2307/2419000', 'Clarke', 'H']": 0.9897758648925644, "['20488975', '10.2307/2666723', 'Clarke', 'H']": 0.9897758648925644, "['20488975', '10.2307/2666724', 'Clarke', 'H']": 0.9897763406714793, "['20488975', '40211871', 'Clarke', 'H']": 0.9897758648925644, "['3672641', '10.2307/3672805', 'Clarke', 'H']": 0.9999615558783607, "['3672641', '42003875', 'Clarke', 'H']": 0.9999133313029092, "['3672641', '10.2307/2419000', 'Clarke', 'H']": 0.9999615488481505, "['3672641', '10.2307/2666723', 'Clarke', 'H']": 0.9999615488481505, "['3672641', '10.2307/2666724', 'Clarke', 'H']": 0.9999157222779117, "['3672641', '40211871', 'Clarke', 'H']": 0.9999615488481505, "['10.2307/3672805', '42003875', 'Clarke', 'H']": 0.9999741169803773, "['10.2307/3672805', '10.2307/2419000', 'Clarke', 'H']": 0.9999967367408337, "['10.2307/3672805', '10.2307/2666723', 'Clarke', 'H']": 0.9999885488264668, "['10.2307/3672805', '10.2307/2666724', 'Clarke', 'H']": 0.9999761029242795, "['10.2307/3672805', '40211871', 'Clarke', 'H']": 0.9999885211072147, "['42003875', '10.2307/2419000', 'Clarke', 'H']": 0.9999741169803773, "['42003875', '10.2307/2666723', 'Clarke', 'H']": 0.9999741169803773, "['42003875', '10.2307/2666724', 'Clarke', 'H']": 0.9999741169803773, "['42003875', '40211871', 'Clarke', 'H']": 0.9999741169803773, "['10.2307/2419000', '10.2307/2666723', 'Clarke', 'H']": 0.999988947019366, "['10.2307/2419000', '10.2307/2666724', 'Clarke', 'H']": 0.9999767055196791, "['10.2307/2419000', '40211871', 'Clarke', 'H']": 0.9999885232065805, "['10.2307/2666723', '10.2307/2666724', 'Clarke', 'H']": 0.9999767055196791,