{"['43657104', '43656492', 'P\u00e4tzold', 'G']": 0.9999980685744133, "['43657104', '43656428', 'P\u00e4tzold', 'G']": 0.9999980685744133, "['43657104', '43657035', 'P\u00e4tzold', 'G']": 0.9999980685814283, "['43657104', '43656753', 'P\u00e4tzold', 'G']": 0.9999980685814283, "['43657104', '43657562', 'P\u00e4tzold', 'G']": 0.9999980685814283, "['43657104', '43656957', 'P\u00e4tzold', 'G']": 0.9999980685814283, "['43657104', '43657232', 'P\u00e4tzold', 'G']": 0.9998824752750101, "['43657104', '43656947', 'P\u00e4tzold', 'G']": 0.9999980685814283, "['43657104', '43388316', 'P\u00e4tzold', 'G']": 0.9975073609422206, "['43656492', '43656428', 'P\u00e4tzold', 'G']": 0.9999980737864073, "['43656492', '43657035', 'P\u00e4tzold', 'G']": 0.9999980685814283, "['43656492', '43656753', 'P\u00e4tzold', 'G']": 0.9999980685814283, "['43656492', '43657562', 'P\u00e4tzold', 'G']": 0.9999980737864073, "['43656492', '43656957', 'P\u00e4tzold', 'G']": 0.9999991395870118, "['43656492', '43657232', 'P\u00e4tzold', 'G']": 0.9999988956813249, "['43656492', '43656947', 'P\u00e4tzold', 'G']": 0.9999980737864073, "['43656492', '43388316', 'P\u00e4tzold', 'G']": 0.9975613644537097, "['43656428', '43657035', 'P\u00e4tzold', 'G']": 0.9999980685814283, "['43656428', '43656753', 'P\u00e4tzold', 'G']": 0.9999980685744133, "['43656428', '43657562', 'P\u00e4tzold', 'G']": 0.9999980685744133, "['43656428', '43656957', 'P\u00e4tzold', 'G']": 0.9999980737864073, "['43656428', '43657232', 'P\u00e4tzold', 'G']": 0.9999792673673104, "['43656428', '43656947', 'P\u00e4tzold', 'G']": 0.9999980685744133, "['43656428', '43388316', 'P\u00e4tzold', 'G']": 0.9975056187168035, "['43657035', '43656753', 'P\u00e4tzold', 'G']": 0.9999993806974335, "['43657035', '43657562', 'P\u00e4tzold', 'G']": 0.9999993824702874, "['43657035', '43656957', 'P\u00e4tzold', 'G']": 0.9999980737864073, "['43657035', '43657232', 'P\u00e4tzold', 'G']": 0.9999414816839438, "['43657035', '43656947', 'P\u00e4tzold', 'G']": 0.9999980685814283, "['43657035', '43388316', 'P\u00e4tzold', 'G']": 0.9975623746614097, "['43656753', '43657562', 'P\u00e4tzold', 'G']": 0.9999993824702874, "['43656753', '43656957', 'P\u00e4tzold', 'G']": 0.9999980737864073, "['43656753', '43657232', 'P\u00e4tzold', 'G']": 0.9999414816839438, "['43656753', '43656947', 'P\u00e4tzold', 'G']": 0.9999980685814283, "['43656753', '43388316', 'P\u00e4tzold', 'G']": 0.9975623746614097, "['43657562', '43656957', 'P\u00e4tzold', 'G']": 0.9999980737864073, "['43657562', '43657232', 'P\u00e4tzold', 'G']": 0.999995171031064, "['43657562', '43656947', 'P\u00e4tzold', 'G']": 0.9999980737864073, "['43657562', '43388316', 'P\u00e4tzold', 'G']": 0.9975614299894768, "['43656957', '43657232', 'P\u00e4tzold', 'G']": 0.9999955193770966, "['43656957', '43656947', 'P\u00e4tzold', 'G']": 0.9999980685814283, "['43656957', '43388316', 'P\u00e4tzold', 'G']": 0.9975614238602774, "['43657232', '43656947', 'P\u00e4tzold', 'G']": 0.9999792673673104, "['43657232', '43388316', 'P\u00e4tzold', 'G']": 0.9975051406836394, "['43656947', '43388316', 'P\u00e4tzold', 'G']": 0.9975056187168035}