{"['1301946', '1301429', 'Klement', 'K']": 0.9996631074092562, "['1301946', '23777991', 'Klement', 'K']": 0.9720263181111926, "['1301946', '3899792', 'Klement', 'K']": 0.955122336399024, "['1301946', '3899965', 'Klement', 'K']": 0.9590665884819851, "['1301429', '23777991', 'Klement', 'K']": 0.9723999667465224, "['1301429', '3899792', 'Klement', 'K']": 0.9554374592431515, "['1301429', '3899965', 'Klement', 'K']": 0.9593884947747592, "['23777991', '3899792', 'Klement', 'K']": 0.9993596092552299, "['23777991', '3899965', 'Klement', 'K']": 0.9994204485335699, "['3899792', '3899965', 'Klement', 'K']": 0.9999886261053178}