{"['23688628', '23690240', 'BISSON', 'M']": 0.9989526022791995, "['23688628', '23692354', 'BISSON', 'M']": 0.9999983083339345, "['23688628', '23689891', 'BISSON', 'M']": 0.9989525984788898, "['23688628', '23690385', 'BISSON', 'M']": 0.9989554219678074, "['23688628', '23689890', 'BISSON', 'M']": 0.9989525984788898, "['23690240', '23692354', 'BISSON', 'M']": 0.9989525984788898, "['23690240', '23689891', 'BISSON', 'M']": 0.9999884325463729, "['23690240', '23690385', 'BISSON', 'M']": 0.9999884552498307, "['23690240', '23689890', 'BISSON', 'M']": 0.9999884325883868, "['23692354', '23689891', 'BISSON', 'M']": 0.9989525984788898, "['23692354', '23690385', 'BISSON', 'M']": 0.9989525984788898, "['23692354', '23689890', 'BISSON', 'M']": 0.9989525984788898, "['23689891', '23690385', 'BISSON', 'M']": 0.9999884325463729, "['23689891', '23689890', 'BISSON', 'M']": 0.99998934512273, "['23690385', '23689890', 'BISSON', 'M']": 0.9999884325463729}