{"['42759368', '42765793', 'JOHN', 'P']": 0.9999878575090537, "['42759368', '42770411', 'JOHN', 'P']": 0.9989005870235782, "['42759368', '42758379', 'JOHN', 'P']": 0.9989005870235782, "['42759368', '42765838', 'JOHN', 'P']": 0.9999878575090537, "['42759368', '23687183', 'JOHN', 'P']": 0.9999629435325492, "['42759368', '42938324', 'JOHN', 'P']": 0.9998783010866461, "['42759368', '42938245', 'JOHN', 'P']": 0.9998783010866461, "['42759368', '42938011', 'JOHN', 'P']": 0.9998783010866461, "['42765793', '42770411', 'JOHN', 'P']": 0.9989005910123944, "['42765793', '42758379', 'JOHN', 'P']": 0.9989005910123944, "['42765793', '42765838', 'JOHN', 'P']": 0.9999984335868662, "['42765793', '23687183', 'JOHN', 'P']": 0.9999629435325492, "['42765793', '42938324', 'JOHN', 'P']": 0.9998783010866461, "['42765793', '42938245', 'JOHN', 'P']": 0.9998783010866461, "['42765793', '42938011', 'JOHN', 'P']": 0.9998783010866461, "['42770411', '42758379', 'JOHN', 'P']": 0.9999982277148185, "['42770411', '42765838', 'JOHN', 'P']": 0.9989005910123944, "['42770411', '23687183', 'JOHN', 'P']": 0.9965799855148068, "['42770411', '42938324', 'JOHN', 'P']": 0.9978247983229225, "['42770411', '42938245', 'JOHN', 'P']": 0.9978247983229225, "['42770411', '42938011', 'JOHN', 'P']": 0.9978247983229225, "['42758379', '42765838', 'JOHN', 'P']": 0.9989005870235782, "['42758379', '23687183', 'JOHN', 'P']": 0.9965799855148068, "['42758379', '42938324', 'JOHN', 'P']": 0.9978247983229225, "['42758379', '42938245', 'JOHN', 'P']": 0.9978247983229225, "['42758379', '42938011', 'JOHN', 'P']": 0.9978247983229225, "['42765838', '23687183', 'JOHN', 'P']": 0.9999629435325492, "['42765838', '42938324', 'JOHN', 'P']": 0.9998783010866461, "['42765838', '42938245', 'JOHN', 'P']": 0.9998783010866461, "['42765838', '42938011', 'JOHN', 'P']": 0.9998783010866461, "['23687183', '42938324', 'JOHN', 'P']": 0.9996293342867798, "['23687183', '42938245', 'JOHN', 'P']": 0.9996293342867798, "['23687183', '42938011', 'JOHN', 'P']": 0.9996293342867798, "['42938324', '42938245', 'JOHN', 'P']": 0.9999992717452776, "['42938324', '42938011', 'JOHN', 'P']": 0.9999978557063555, "['42938245', '42938011', 'JOHN', 'P']": 0.9999992717452776}