{"['10.2307/2481947', '10.2307/2483133', 'Tulecke', 'W']": 0.9999955813092364, "['10.2307/2481947', '2438934', 'Tulecke', 'W']": 0.9999955938227711, "['10.2307/2481947', '2473313', 'Tulecke', 'W']": 0.9999955648365648, "['10.2307/2481947', '2440958', 'Tulecke', 'W']": 0.9999955648365648, "['10.2307/2481947', '10.2307/2482499', 'Tulecke', 'W']": 0.9999955813132373, "['10.2307/2481947', '4259531', 'Tulecke', 'W']": 0.9999955938227711, "['10.2307/2483133', '2438934', 'Tulecke', 'W']": 0.9999985467530669, "['10.2307/2483133', '2473313', 'Tulecke', 'W']": 0.9999985467530669, "['10.2307/2483133', '2440958', 'Tulecke', 'W']": 0.9999985467530669, "['10.2307/2483133', '10.2307/2482499', 'Tulecke', 'W']": 0.9999985467434213, "['10.2307/2483133', '4259531', 'Tulecke', 'W']": 0.9999985467431219, "['2438934', '2473313', 'Tulecke', 'W']": 0.9999985467431219, "['2438934', '2440958', 'Tulecke', 'W']": 0.9999985467434213, "['2438934', '10.2307/2482499', 'Tulecke', 'W']": 0.9999985467530669, "['2438934', '4259531', 'Tulecke', 'W']": 0.9999985495610483, "['2473313', '2440958', 'Tulecke', 'W']": 0.9999985495610483, "['2473313', '10.2307/2482499', 'Tulecke', 'W']": 0.9999985467530669, "['2473313', '4259531', 'Tulecke', 'W']": 0.9999985467431219, "['2440958', '10.2307/2482499', 'Tulecke', 'W']": 0.9999985467530669, "['2440958', '4259531', 'Tulecke', 'W']": 0.9999985467431219, "['10.2307/2482499', '4259531', 'Tulecke', 'W']": 0.9999985467530669}