{"['27733205', '3884297', 'Zhou', 'B']": 0.9965626234012279, "['27733205', '41490447', 'Zhou', 'B']": 0.9994270760157609, "['27733205', '41998240', 'Zhou', 'B']": 0.9998074545713304, "['27733205', '24036754', 'Zhou', 'B']": 0.9999971243463046, "['27733205', '24035821', 'Zhou', 'B']": 0.9965626234012279, "['27733205', '42569108', 'Zhou', 'B']": 0.9965626234012279, "['27733205', '40343502', 'Zhou', 'B']": 0.9965626234012279, "['27733205', '23327541', 'Zhou', 'B']": 0.9999971902880586, "['27733205', '4629808', 'Zhou', 'B']": 0.9999971902880586, "['27733205', '41433964', 'Zhou', 'B']": 0.9965626234012279, "['27733205', '42953045', 'Zhou', 'B']": 0.9966411815201546, "['27733205', '41489354', 'Zhou', 'B']": 0.9999971243463046, "['27733205', '41434200', 'Zhou', 'B']": 0.9999971243463046, "['27733205', '40660959', 'Zhou', 'B']": 0.9999971243463046, "['27733205', '40801104', 'Zhou', 'B']": 0.9965626234012279, "['3884297', '41490447', 'Zhou', 'B']": 0.9945994092727105, "['3884297', '41998240', 'Zhou', 'B']": 0.9982208366081351, "['3884297', '24036754', 'Zhou', 'B']": 0.9965626234012279, "['3884297', '24035821', 'Zhou', 'B']": 0.9965626234012279, "['3884297', '42569108', 'Zhou', 'B']": 0.9965626234012279, "['3884297', '40343502', 'Zhou', 'B']": 0.9965626234012279, "['3884297', '23327541', 'Zhou', 'B']": 0.9965626234012279, "['3884297', '4629808', 'Zhou', 'B']": 0.9965626234012279, "['3884297', '41433964', 'Zhou', 'B']": 0.9965626234012279, "['3884297', '42953045', 'Zhou', 'B']": 0.9965626234012279, "['3884297', '41489354', 'Zhou', 'B']": 0.9965626234012279, "['3884297', '41434200', 'Zhou', 'B']": 0.9965626234012279, "['3884297', '40660959', 'Zhou', 'B']": 0.9965626234012279, "['3884297', '40801104', 'Zhou', 'B']": 0.9965626234012279, "['41490447', '41998240', 'Zhou', 'B']": 0.9999413683750485, "['41490447', '24036754', 'Zhou', 'B']": 0.9994136377810567, "['41490447', '24035821', 'Zhou', 'B']": 0.9945994092727105, "['41490447', '42569108', 'Zhou', 'B']": 0.9945994092727105, "['41490447', '40343502', 'Zhou', 'B']": 0.9896011200152117, "['41490447', '23327541', 'Zhou', 'B']": 0.9994136377810567, "['41490447', '4629808', 'Zhou', 'B']": 0.9994136377810567, "['41490447', '41433964', 'Zhou', 'B']": 0.9896011200152117, "['41490447', '42953045', 'Zhou', 'B']": 0.9947225972662883, "['41490447', '41489354', 'Zhou', 'B']": 0.9994270760157609, "['41490447', '41434200', 'Zhou', 'B']": 0.9994270760157609, "['41490447', '40660959', 'Zhou', 'B']": 0.9994136377810567, "['41490447', '40801104', 'Zhou', 'B']": 0.9945994092727105, "['41998240', '24036754', 'Zhou', 'B']": 0.9998074545713304, "['41998240', '24035821', 'Zhou', 'B']": 0.9982208366081351, "['41998240', '42569108', 'Zhou', 'B']": 0.9982208366081351, "['41998240', '40343502', 'Zhou', 'B']": 0.9966411815201546, "['41998240', '23327541', 'Zhou', 'B']": 0.9998074545713304, "['41998240', '4629808', 'Zhou', 'B']": 0.9998074545713304, "['41998240', '41433964', 'Zhou', 'B']": 0.9965626234012279, "['41998240', '42953045', 'Zhou', 'B']": 0.9982208366081351, "['41998240', '41489354', 'Zhou', 'B']": 0.9998074545713304, "['41998240', '41434200', 'Zhou', 'B']": 0.9998074545713304, "['41998240', '40660959', 'Zhou', 'B']": 0.9998118690216299, "['41998240', '40801104', 'Zhou', 'B']": 0.9982208366081351, "['24036754', '24035821', 'Zhou', 'B']": 0.9966411700507358, "['24036754', '42569108', 'Zhou', 'B']": 0.9966411815201546, "['24036754', '40343502', 'Zhou', 'B']": 0.9965626234012279, "['24036754', '23327541', 'Zhou', 'B']": 0.9999971243463046, "['24036754', '4629808', 'Zhou', 'B']": 0.9999971243463046, "['24036754', '41433964', 'Zhou', 'B']": 0.9965626234012279, "['24036754', '42953045', 'Zhou', 'B']": 0.9965626234012279, "['24036754', '41489354', 'Zhou', 'B']": 0.9999971243463046, "['24036754', '41434200', 'Zhou', 'B']": 0.9999971243463046, "['24036754', '40660959', 'Zhou', 'B']": 0.9999971243463046, "['24036754', '40801104', 'Zhou', 'B']": 0.9965626234012279, "['24035821', '42569108', 'Zhou', 'B']": 0.9966412044280516, "['24035821', '40343502', 'Zhou', 'B']": 0.9965626234012279, "['24035821', '23327541', 'Zhou', 'B']": 0.9965626234012279, "['24035821', '4629808', 'Zhou', 'B']": 0.9966411815201546, "['24035821', '41433964', 'Zhou', 'B']": 0.9965626234012279, "['24035821', '42953045', 'Zhou', 'B']": 0.9965626234012279, "['24035821', '41489354', 'Zhou', 'B']": 0.9965626234012279, "['24035821', '41434200', 'Zhou', 'B']": 0.9965626234012279, "['24035821', '40660959', 'Zhou', 'B']": 0.9965626234012279, "['24035821', '40801104', 'Zhou', 'B']": 0.9965626234012279, "['42569108', '40343502', 'Zhou', 'B']": 0.9965626234012279, "['42569108', '23327541', 'Zhou', 'B']": 0.9965626234012279, "['42569108', '4629808', 'Zhou', 'B']": 0.9965626234012279, "['42569108', '41433964', 'Zhou', 'B']": 0.9965626234012279, "['42569108', '42953045', 'Zhou', 'B']": 0.9965626234012279, "['42569108', '41489354', 'Zhou', 'B']": 0.9965626234012279, "['42569108', '41434200', 'Zhou', 'B']": 0.9965626234012279, "['42569108', '40660959', 'Zhou', 'B']": 0.9965626234012279, "['42569108', '40801104', 'Zhou', 'B']": 0.9965626234012279, "['40343502', '23327541', 'Zhou', 'B']": 0.9965626234012279, "['40343502', '4629808', 'Zhou', 'B']": 0.9965626234012279, "['40343502', '41433964', 'Zhou', 'B']": 0.9965626234012279, "['40343502', '42953045', 'Zhou', 'B']": 0.9965626234012279, "['40343502', '41489354', 'Zhou', 'B']": 0.9965626234012279, "['40343502', '41434200', 'Zhou', 'B']": 0.9965626234012279, "['40343502', '40660959', 'Zhou', 'B']": 0.9966411815201546, "['40343502', '40801104', 'Zhou', 'B']": 0.9965626234012279, "['23327541', '4629808', 'Zhou', 'B']": 0.9999972037294692, "['23327541', '41433964', 'Zhou', 'B']": 0.9966411700507358, "['23327541', '42953045', 'Zhou', 'B']": 0.9965626234012279, "['23327541', '41489354', 'Zhou', 'B']": 0.9999971902886372, "['23327541', '41434200', 'Zhou', 'B']": 0.9999971902880586, "['23327541', '40660959', 'Zhou', 'B']": 0.9999971243463046, "['23327541', '40801104', 'Zhou', 'B']": 0.9965626234012279, "['4629808', '41433964', 'Zhou', 'B']": 0.9965626234012279, "['4629808', '42953045', 'Zhou', 'B']": 0.9965626234012279, "['4629808', '41489354', 'Zhou', 'B']": 0.9999971902880586, "['4629808', '41434200', 'Zhou', 'B']": 0.9999971902886372, "['4629808', '40660959', 'Zhou', 'B']": 0.9999971243463046, "['4629808', '40801104', 'Zhou', 'B']": 0.9965626234012279, "['41433964', '42953045', 'Zhou', 'B']": 0.9965626234012279, "['41433964', '41489354', 'Zhou', 'B']": 0.9966411700507358, "['41433964', '41434200', 'Zhou', 'B']": 0.9965626234012279, "['41433964', '40660959', 'Zhou', 'B']": 0.9965626234012279, "['41433964', '40801104', 'Zhou', 'B']": 0.9965626234012279, "['42953045', '41489354', 'Zhou', 'B']": 0.9965626234012279, "['42953045', '41434200', 'Zhou', 'B']": 0.9965626234012279, "['42953045', '40660959', 'Zhou', 'B']": 0.9965626234012279, "['42953045', '40801104', 'Zhou', 'B']": 0.9965626234012279, "['41489354', '41434200', 'Zhou', 'B']": 0.9999992943295161, "['41489354', '40660959', 'Zhou', 'B']": 0.9999971243463046, "['41489354', '40801104', 'Zhou', 'B']": 0.9965626234012279, "['41434200', '40660959', 'Zhou', 'B']": 0.9999971243463046, "['41434200', '40801104', 'Zhou', 'B']": 0.9965626234012279, "['40660959', '40801104', 'Zhou', 'B']": 0.9965626234012279}