{"['2474078', '2439881', 'Riopel', 'J']": 0.9999964870570826, "['2474078', '2442176', 'Riopel', 'J']": 0.9977765258416941, "['2474078', '2474479', 'Riopel', 'J']": 0.999996487057806, "['2474078', '10.2307/2424657', 'Riopel', 'J']": 0.9999964046111037, "['2474078', '2474092', 'Riopel', 'J']": 0.9999964870450465, "['2474078', '2442506', 'Riopel', 'J']": 0.9999964046111037, "['2474078', '3881109', 'Riopel', 'J']": 0.9999464912779051, "['2474078', '2474093', 'Riopel', 'J']": 0.9999964870450465, "['2474078', '2443471', 'Riopel', 'J']": 0.9999964046111037, "['2474078', '2473923', 'Riopel', 'J']": 0.9999964870450465, "['2474078', '2442160', 'Riopel', 'J']": 0.9977765258416941, "['2474078', '10.2307/2425946', 'Riopel', 'J']": 0.9999964046111037, "['2474078', '4044665', 'Riopel', 'J']": 0.9999964870570826, "['2474078', '4043983', 'Riopel', 'J']": 0.9999964046111037, "['2439881', '2442176', 'Riopel', 'J']": 0.9978273943771698, "['2439881', '2474479', 'Riopel', 'J']": 0.9999964046111037, "['2439881', '10.2307/2424657', 'Riopel', 'J']": 0.9999964046111037, "['2439881', '2474092', 'Riopel', 'J']": 0.9999964046111037, "['2439881', '2442506', 'Riopel', 'J']": 0.9999964870450465, "['2439881', '3881109', 'Riopel', 'J']": 0.9999964046111037, "['2439881', '2474093', 'Riopel', 'J']": 0.9999964046111037, "['2439881', '2443471', 'Riopel', 'J']": 0.9999964870450465, "['2439881', '2473923', 'Riopel', 'J']": 0.9999964046111037, "['2439881', '2442160', 'Riopel', 'J']": 0.9978273943771698, "['2439881', '10.2307/2425946', 'Riopel', 'J']": 0.9999964046111037, "['2439881', '4044665', 'Riopel', 'J']": 0.9999964046111037, "['2439881', '4043983', 'Riopel', 'J']": 0.9999964046111037, "['2442176', '2474479', 'Riopel', 'J']": 0.9977765258416941, "['2442176', '10.2307/2424657', 'Riopel', 'J']": 0.9977765258416941, "['2442176', '2474092', 'Riopel', 'J']": 0.9978274018048106, "['2442176', '2442506', 'Riopel', 'J']": 0.9978273943771698, "['2442176', '3881109', 'Riopel', 'J']": 0.9977765258416941, "['2442176', '2474093', 'Riopel', 'J']": 0.9978274018048106, "['2442176', '2443471', 'Riopel', 'J']": 0.9978274022512024, "['2442176', '2473923', 'Riopel', 'J']": 0.9977765258416941, "['2442176', '2442160', 'Riopel', 'J']": 0.9999760439062445, "['2442176', '10.2307/2425946', 'Riopel', 'J']": 0.9977765258416941, "['2442176', '4044665', 'Riopel', 'J']": 0.9977765258416941, "['2442176', '4043983', 'Riopel', 'J']": 0.9977765258416941, "['2474479', '10.2307/2424657', 'Riopel', 'J']": 0.9999964870570826, "['2474479', '2474092', 'Riopel', 'J']": 0.9999964870450465, "['2474479', '2442506', 'Riopel', 'J']": 0.9999964870570826, "['2474479', '3881109', 'Riopel', 'J']": 0.9999964046111037, "['2474479', '2474093', 'Riopel', 'J']": 0.9999964870450465, "['2474479', '2443471', 'Riopel', 'J']": 0.9999965038626754, "['2474479', '2473923', 'Riopel', 'J']": 0.9999964870450465, "['2474479', '2442160', 'Riopel', 'J']": 0.9977765258416941, "['2474479', '10.2307/2425946', 'Riopel', 'J']": 0.9999964808663582, "['2474479', '4044665', 'Riopel', 'J']": 0.9999964870570826, "['2474479', '4043983', 'Riopel', 'J']": 0.9999964046111037, "['10.2307/2424657', '2474092', 'Riopel', 'J']": 0.9999964046111037, "['10.2307/2424657', '2442506', 'Riopel', 'J']": 0.9999964870570826, "['10.2307/2424657', '3881109', 'Riopel', 'J']": 0.9999964046111037, "['10.2307/2424657', '2474093', 'Riopel', 'J']": 0.9999964046111037, "['10.2307/2424657', '2443471', 'Riopel', 'J']": 0.9999964870811223, "['10.2307/2424657', '2473923', 'Riopel', 'J']": 0.9999964046111037, "['10.2307/2424657', '2442160', 'Riopel', 'J']": 0.9977765258416941, "['10.2307/2424657', '10.2307/2425946', 'Riopel', 'J']": 0.9999964870450465, "['10.2307/2424657', '4044665', 'Riopel', 'J']": 0.9999964046111037, "['10.2307/2424657', '4043983', 'Riopel', 'J']": 0.9999964808663582, "['2474092', '2442506', 'Riopel', 'J']": 0.9999964046111037, "['2474092', '3881109', 'Riopel', 'J']": 0.9999964046111037, "['2474092', '2474093', 'Riopel', 'J']": 0.9999988738515574, "['2474092', '2443471', 'Riopel', 'J']": 0.9999964046111037, "['2474092', '2473923', 'Riopel', 'J']": 0.999996487057806, "['2474092', '2442160', 'Riopel', 'J']": 0.9978274018048106, "['2474092', '10.2307/2425946', 'Riopel', 'J']": 0.9999964046111037, "['2474092', '4044665', 'Riopel', 'J']": 0.9999964046111037, "['2474092', '4043983', 'Riopel', 'J']": 0.9999964046111037, "['2442506', '3881109', 'Riopel', 'J']": 0.9999964046111037, "['2442506', '2474093', 'Riopel', 'J']": 0.9999964046111037, "['2442506', '2443471', 'Riopel', 'J']": 0.9999995240220777, "['2442506', '2473923', 'Riopel', 'J']": 0.9999964046111037, "['2442506', '2442160', 'Riopel', 'J']": 0.9978273943771698, "['2442506', '10.2307/2425946', 'Riopel', 'J']": 0.9999964046111037, "['2442506', '4044665', 'Riopel', 'J']": 0.9999964046111037, "['2442506', '4043983', 'Riopel', 'J']": 0.9999964046111037, "['3881109', '2474093', 'Riopel', 'J']": 0.9999964046111037, "['3881109', '2443471', 'Riopel', 'J']": 0.9999964046111037, "['3881109', '2473923', 'Riopel', 'J']": 0.9999964046111037, "['3881109', '2442160', 'Riopel', 'J']": 0.9977765258416941, "['3881109', '10.2307/2425946', 'Riopel', 'J']": 0.9999964046111037, "['3881109', '4044665', 'Riopel', 'J']": 0.9999964046111037, "['3881109', '4043983', 'Riopel', 'J']": 0.9999964870811223, "['2474093', '2443471', 'Riopel', 'J']": 0.9999964046111037, "['2474093', '2473923', 'Riopel', 'J']": 0.999996487057806, "['2474093', '2442160', 'Riopel', 'J']": 0.9978274018048106, "['2474093', '10.2307/2425946', 'Riopel', 'J']": 0.9999964046111037, "['2474093', '4044665', 'Riopel', 'J']": 0.9999964046111037, "['2474093', '4043983', 'Riopel', 'J']": 0.9999964046111037, "['2443471', '2473923', 'Riopel', 'J']": 0.9999964870570826, "['2443471', '2442160', 'Riopel', 'J']": 0.9978273943771698, "['2443471', '10.2307/2425946', 'Riopel', 'J']": 0.9999965038626754, "['2443471', '4044665', 'Riopel', 'J']": 0.9999964046111037, "['2443471', '4043983', 'Riopel', 'J']": 0.9999964046111037, "['2473923', '2442160', 'Riopel', 'J']": 0.9977765258416941, "['2473923', '10.2307/2425946', 'Riopel', 'J']": 0.9999964870570826, "['2473923', '4044665', 'Riopel', 'J']": 0.9999964046111037, "['2473923', '4043983', 'Riopel', 'J']": 0.9999964046111037, "['2442160', '10.2307/2425946', 'Riopel', 'J']": 0.9977765258416941, "['2442160', '4044665', 'Riopel', 'J']": 0.9977765258416941, "['2442160', '4043983', 'Riopel', 'J']": 0.9977765258416941, "['10.2307/2425946', '4044665', 'Riopel', 'J']": 0.9999964046111037, "['10.2307/2425946', '4043983', 'Riopel', 'J']": 0.9999964046111037, "['4044665', '4043983', 'Riopel', 'J']": 0.9999964965248174}