{"['20790251', '20790299', 'Crepin', 'F']": 0.9999974741168641, "['20790251', '20790162', 'Crepin', 'F']": 0.9999974790141335, "['20790251', '20790310', 'Crepin', 'F']": 0.9999974809238614, "['20790251', '20790278', 'Crepin', 'F']": 0.9999974809238614, "['20790251', '20790295', 'Crepin', 'F']": 0.9999974809238614, "['20790251', '20790263', 'Crepin', 'F']": 0.9999974741168641, "['20790251', '20790280', 'Crepin', 'F']": 0.9999974741168641, "['20790251', '20790296', 'Crepin', 'F']": 0.9999974741168641, "['20790251', '20790279', 'Crepin', 'F']": 0.9999974809238614, "['20790251', '20790265', 'Crepin', 'F']": 0.9999974741076897, "['20790251', '20790264', 'Crepin', 'F']": 0.9999974741168641, "['20790251', '20790163', 'Crepin', 'F']": 0.9999974790141335, "['20790251', '20790161', 'Crepin', 'F']": 0.9999974148358017, "['20790299', '20790162', 'Crepin', 'F']": 0.9999974741163439, "['20790299', '20790310', 'Crepin', 'F']": 0.9999974741168641, "['20790299', '20790278', 'Crepin', 'F']": 0.9999974741168641, "['20790299', '20790295', 'Crepin', 'F']": 0.9999974741168641, "['20790299', '20790263', 'Crepin', 'F']": 0.999984609846659, "['20790299', '20790280', 'Crepin', 'F']": 0.9999974741168641, "['20790299', '20790296', 'Crepin', 'F']": 0.9999974741076897, "['20790299', '20790279', 'Crepin', 'F']": 0.9999974741168641, "['20790299', '20790265', 'Crepin', 'F']": 0.9999974741076897, "['20790299', '20790264', 'Crepin', 'F']": 0.9999974741168641, "['20790299', '20790163', 'Crepin', 'F']": 0.9999974741163439, "['20790299', '20790161', 'Crepin', 'F']": 0.9999974148358017, "['20790162', '20790310', 'Crepin', 'F']": 0.9999988604657877, "['20790162', '20790278', 'Crepin', 'F']": 0.999997474133629, "['20790162', '20790295', 'Crepin', 'F']": 0.999997474133629, "['20790162', '20790263', 'Crepin', 'F']": 0.9999743500076033, "['20790162', '20790280', 'Crepin', 'F']": 0.9999974741163439, "['20790162', '20790296', 'Crepin', 'F']": 0.9999974741163439, "['20790162', '20790279', 'Crepin', 'F']": 0.9999974790141335, "['20790162', '20790265', 'Crepin', 'F']": 0.9999974148358017, "['20790162', '20790264', 'Crepin', 'F']": 0.9999743500076033, "['20790162', '20790163', 'Crepin', 'F']": 0.9999974809238614, "['20790162', '20790161', 'Crepin', 'F']": 0.9999974741076897, "['20790310', '20790278', 'Crepin', 'F']": 0.9999974809238614, "['20790310', '20790295', 'Crepin', 'F']": 0.9999974809238614, "['20790310', '20790263', 'Crepin', 'F']": 0.9999974741168641, "['20790310', '20790280', 'Crepin', 'F']": 0.9999974741168641, "['20790310', '20790296', 'Crepin', 'F']": 0.9999974741168641, "['20790310', '20790279', 'Crepin', 'F']": 0.9999974809238614, "['20790310', '20790265', 'Crepin', 'F']": 0.9999974741076897, "['20790310', '20790264', 'Crepin', 'F']": 0.999984609846659, "['20790310', '20790163', 'Crepin', 'F']": 0.999997474133629, "['20790310', '20790161', 'Crepin', 'F']": 0.9999974148358017, "['20790278', '20790295', 'Crepin', 'F']": 0.9999974809238614, "['20790278', '20790263', 'Crepin', 'F']": 0.9999974809238614, "['20790278', '20790280', 'Crepin', 'F']": 0.9999974741168641, "['20790278', '20790296', 'Crepin', 'F']": 0.9999974741076897, "['20790278', '20790279', 'Crepin', 'F']": 0.9999974809238614, "['20790278', '20790265', 'Crepin', 'F']": 0.9999974741076897, "['20790278', '20790264', 'Crepin', 'F']": 0.9999974741168641, "['20790278', '20790163', 'Crepin', 'F']": 0.9999996577354152, "['20790278', '20790161', 'Crepin', 'F']": 0.9999974148358017, "['20790295', '20790263', 'Crepin', 'F']": 0.9999974809238614, "['20790295', '20790280', 'Crepin', 'F']": 0.9999974741168641, "['20790295', '20790296', 'Crepin', 'F']": 0.9999974741076897, "['20790295', '20790279', 'Crepin', 'F']": 0.9999974809238614, "['20790295', '20790265', 'Crepin', 'F']": 0.9999974741076897, "['20790295', '20790264', 'Crepin', 'F']": 0.9999974741168641, "['20790295', '20790163', 'Crepin', 'F']": 0.9999974790141335, "['20790295', '20790161', 'Crepin', 'F']": 0.9999974148358017, "['20790263', '20790280', 'Crepin', 'F']": 0.9999974741168641, "['20790263', '20790296', 'Crepin', 'F']": 0.9999974741076897, "['20790263', '20790279', 'Crepin', 'F']": 0.9999974809238614, "['20790263', '20790265', 'Crepin', 'F']": 0.9999974672545313, "['20790263', '20790264', 'Crepin', 'F']": 0.9999974809238614, "['20790263', '20790163', 'Crepin', 'F']": 0.999997474133629, "['20790263', '20790161', 'Crepin', 'F']": 0.9999974148358017, "['20790280', '20790296', 'Crepin', 'F']": 0.9999974741076897, "['20790280', '20790279', 'Crepin', 'F']": 0.9999974741168641, "['20790280', '20790265', 'Crepin', 'F']": 0.9999974672545313, "['20790280', '20790264', 'Crepin', 'F']": 0.999984609846659, "['20790280', '20790163', 'Crepin', 'F']": 0.9999974741163439, "['20790280', '20790161', 'Crepin', 'F']": 0.9999974148358017, "['20790296', '20790279', 'Crepin', 'F']": 0.9999974809238614, "['20790296', '20790265', 'Crepin', 'F']": 0.9999974741076897, "['20790296', '20790264', 'Crepin', 'F']": 0.9999923048641148, "['20790296', '20790163', 'Crepin', 'F']": 0.9999974148358017, "['20790296', '20790161', 'Crepin', 'F']": 0.9999974148358017, "['20790279', '20790265', 'Crepin', 'F']": 0.9999974741076897, "['20790279', '20790264', 'Crepin', 'F']": 0.9999974741168641, "['20790279', '20790163', 'Crepin', 'F']": 0.9999974790141335, "['20790279', '20790161', 'Crepin', 'F']": 0.9999974148358017, "['20790265', '20790264', 'Crepin', 'F']": 0.9999974741076897, "['20790265', '20790163', 'Crepin', 'F']": 0.9999974148358017, "['20790265', '20790161', 'Crepin', 'F']": 0.9999974148358017, "['20790264', '20790163', 'Crepin', 'F']": 0.9999974741163439, "['20790264', '20790161', 'Crepin', 'F']": 0.9999974148358017, "['20790163', '20790161', 'Crepin', 'F']": 0.9999974741076897}