{"['4599145', '3881638', 'Whitt', 'G']": 0.9999969907352909, "['4599145', '3882650', 'Whitt', 'G']": 0.9999969907352909, "['4599145', '4599144', 'Whitt', 'G']": 0.9999986902135733, "['4599145', '3882652', 'Whitt', 'G']": 0.9999969907352909, "['4599145', '2460684', 'Whitt', 'G']": 0.9999969907352909, "['4599145', '10.2307/2407375', 'Whitt', 'G']": 0.9999969907352909, "['4599145', '10.2307/1444560', 'Whitt', 'G']": 0.9999969907352909, "['4599145', '10.2307/2407548', 'Whitt', 'G']": 0.9981383252857811, "['4599145', '10.2307/1444682', 'Whitt', 'G']": 0.9999969907352909, "['4599145', '10.2307/1444627', 'Whitt', 'G']": 0.9999969907352909, "['4599145', '10.2307/2412971', 'Whitt', 'G']": 0.9999969907352909, "['3881638', '3882650', 'Whitt', 'G']": 0.9999970597308024, "['3881638', '4599144', 'Whitt', 'G']": 0.9999969907352909, "['3881638', '3882652', 'Whitt', 'G']": 0.9999970597308024, "['3881638', '2460684', 'Whitt', 'G']": 0.9999969907352909, "['3881638', '10.2307/2407375', 'Whitt', 'G']": 0.9999969907352909, "['3881638', '10.2307/1444560', 'Whitt', 'G']": 0.9999970654421543, "['3881638', '10.2307/2407548', 'Whitt', 'G']": 0.9981383252857811, "['3881638', '10.2307/1444682', 'Whitt', 'G']": 0.9999969907352909, "['3881638', '10.2307/1444627', 'Whitt', 'G']": 0.9999969907352909, "['3881638', '10.2307/2412971', 'Whitt', 'G']": 0.9999969907352909, "['3882650', '4599144', 'Whitt', 'G']": 0.9999969907352909, "['3882650', '3882652', 'Whitt', 'G']": 0.9999970676651752, "['3882650', '2460684', 'Whitt', 'G']": 0.9999970597609973, "['3882650', '10.2307/2407375', 'Whitt', 'G']": 0.9999969907352909, "['3882650', '10.2307/1444560', 'Whitt', 'G']": 0.9999970654421543, "['3882650', '10.2307/2407548', 'Whitt', 'G']": 0.9981383252857811, "['3882650', '10.2307/1444682', 'Whitt', 'G']": 0.9999969907352909, "['3882650', '10.2307/1444627', 'Whitt', 'G']": 0.9999969907352909, "['3882650', '10.2307/2412971', 'Whitt', 'G']": 0.9999970654421543, "['4599144', '3882652', 'Whitt', 'G']": 0.9999969907352909, "['4599144', '2460684', 'Whitt', 'G']": 0.9999970597408766, "['4599144', '10.2307/2407375', 'Whitt', 'G']": 0.9999969907352909, "['4599144', '10.2307/1444560', 'Whitt', 'G']": 0.9999969907352909, "['4599144', '10.2307/2407548', 'Whitt', 'G']": 0.9981809379024567, "['4599144', '10.2307/1444682', 'Whitt', 'G']": 0.9999970597408766, "['4599144', '10.2307/1444627', 'Whitt', 'G']": 0.9999970597408766, "['4599144', '10.2307/2412971', 'Whitt', 'G']": 0.9999969907352909, "['3882652', '2460684', 'Whitt', 'G']": 0.9999970597408766, "['3882652', '10.2307/2407375', 'Whitt', 'G']": 0.9999969907352909, "['3882652', '10.2307/1444560', 'Whitt', 'G']": 0.9999970597408766, "['3882652', '10.2307/2407548', 'Whitt', 'G']": 0.9981383252857811, "['3882652', '10.2307/1444682', 'Whitt', 'G']": 0.9999969907352909, "['3882652', '10.2307/1444627', 'Whitt', 'G']": 0.9999969907352909, "['3882652', '10.2307/2412971', 'Whitt', 'G']": 0.9999970597408766, "['2460684', '10.2307/2407375', 'Whitt', 'G']": 0.9999970738068112, "['2460684', '10.2307/1444560', 'Whitt', 'G']": 0.9999970597609973, "['2460684', '10.2307/2407548', 'Whitt', 'G']": 0.9981383252857811, "['2460684', '10.2307/1444682', 'Whitt', 'G']": 0.9999970597609973, "['2460684', '10.2307/1444627', 'Whitt', 'G']": 0.9999970738068112, "['2460684', '10.2307/2412971', 'Whitt', 'G']": 0.9999986763859132, "['10.2307/2407375', '10.2307/1444560', 'Whitt', 'G']": 0.9999969907352909, "['10.2307/2407375', '10.2307/2407548', 'Whitt', 'G']": 0.9981809316812754, "['10.2307/2407375', '10.2307/1444682', 'Whitt', 'G']": 0.9999969907352909, "['10.2307/2407375', '10.2307/1444627', 'Whitt', 'G']": 0.9999970545593678, "['10.2307/2407375', '10.2307/2412971', 'Whitt', 'G']": 0.9999970545593678, "['10.2307/1444560', '10.2307/2407548', 'Whitt', 'G']": 0.9981383252857811, "['10.2307/1444560', '10.2307/1444682', 'Whitt', 'G']": 0.9999970597308024, "['10.2307/1444560', '10.2307/1444627', 'Whitt', 'G']": 0.9999970597308024, "['10.2307/1444560', '10.2307/2412971', 'Whitt', 'G']": 0.9999970654421543, "['10.2307/2407548', '10.2307/1444682', 'Whitt', 'G']": 0.9981383252857811, "['10.2307/2407548', '10.2307/1444627', 'Whitt', 'G']": 0.9981383252857811, "['10.2307/2407548', '10.2307/2412971', 'Whitt', 'G']": 0.9981383252857811, "['10.2307/1444682', '10.2307/1444627', 'Whitt', 'G']": 0.9999970676651752, "['10.2307/1444682', '10.2307/2412971', 'Whitt', 'G']": 0.9999969907352909, "['10.2307/1444627', '10.2307/2412971', 'Whitt', 'G']": 0.9999970545593678}