{"['20519771', '42951988', 'Jahn', 'R']": 0.9999970511066546, "['20519771', '42952719', 'Jahn', 'R']": 0.9999970511066546, "['20519771', '24130623', 'Jahn', 'R']": 0.9999969818984311, "['20519771', '20649739', 'Jahn', 'R']": 0.9963929637909941, "['20519771', '10.2307/3668644', 'Jahn', 'R']": 0.9963929637909941, "['20519771', '3997728', 'Jahn', 'R']": 0.9963929637909941, "['20519771', '3997588', 'Jahn', 'R']": 0.9963929637909941, "['20519771', '3997614', 'Jahn', 'R']": 0.9963929637909941, "['20519771', '3997670', 'Jahn', 'R']": 0.9963929637909941, "['20519771', '3997370', 'Jahn', 'R']": 0.9963929637909941, "['20519771', '3996992', 'Jahn', 'R']": 0.9963929637909941, "['20519771', '3997252', 'Jahn', 'R']": 0.9963929637909941, "['20519771', '3997503', 'Jahn', 'R']": 0.9963929637909941, "['20519771', '3997514', 'Jahn', 'R']": 0.9963929637909941, "['20519771', '10.2307/1222446', 'Jahn', 'R']": 0.9963929637909941, "['20519771', '41059835', 'Jahn', 'R']": 0.9981328685737346, "['42951988', '42952719', 'Jahn', 'R']": 0.9999972837424744, "['42951988', '24130623', 'Jahn', 'R']": 0.9999970568844179, "['42951988', '20649739', 'Jahn', 'R']": 0.9963929637909941, "['42951988', '10.2307/3668644', 'Jahn', 'R']": 0.9963929637909941, "['42951988', '3997728', 'Jahn', 'R']": 0.9963929637909941, "['42951988', '3997588', 'Jahn', 'R']": 0.9963929637909941, "['42951988', '3997614', 'Jahn', 'R']": 0.9963929637909941, "['42951988', '3997670', 'Jahn', 'R']": 0.9963929637909941, "['42951988', '3997370', 'Jahn', 'R']": 0.9963929637909941, "['42951988', '3996992', 'Jahn', 'R']": 0.9963929637909941, "['42951988', '3997252', 'Jahn', 'R']": 0.9963929637909941, "['42951988', '3997503', 'Jahn', 'R']": 0.9963929637909941, "['42951988', '3997514', 'Jahn', 'R']": 0.9963929637909941, "['42951988', '10.2307/1222446', 'Jahn', 'R']": 0.9963929637909941, "['42951988', '41059835', 'Jahn', 'R']": 0.9981328685737346, "['42952719', '24130623', 'Jahn', 'R']": 0.9999970568817529, "['42952719', '20649739', 'Jahn', 'R']": 0.9963929637909941, "['42952719', '10.2307/3668644', 'Jahn', 'R']": 0.9963929637909941, "['42952719', '3997728', 'Jahn', 'R']": 0.9963929637909941, "['42952719', '3997588', 'Jahn', 'R']": 0.9963929637909941, "['42952719', '3997614', 'Jahn', 'R']": 0.9963929637909941, "['42952719', '3997670', 'Jahn', 'R']": 0.9963929637909941, "['42952719', '3997370', 'Jahn', 'R']": 0.9963929637909941, "['42952719', '3996992', 'Jahn', 'R']": 0.9963929637909941, "['42952719', '3997252', 'Jahn', 'R']": 0.9963929637909941, "['42952719', '3997503', 'Jahn', 'R']": 0.9963929637909941, "['42952719', '3997514', 'Jahn', 'R']": 0.9963929637909941, "['42952719', '10.2307/1222446', 'Jahn', 'R']": 0.9963929637909941, "['42952719', '41059835', 'Jahn', 'R']": 0.9981328685737346, "['24130623', '20649739', 'Jahn', 'R']": 0.9963929637909941, "['24130623', '10.2307/3668644', 'Jahn', 'R']": 0.9963929637909941, "['24130623', '3997728', 'Jahn', 'R']": 0.9963929637909941, "['24130623', '3997588', 'Jahn', 'R']": 0.9963929637909941, "['24130623', '3997614', 'Jahn', 'R']": 0.9963929637909941, "['24130623', '3997670', 'Jahn', 'R']": 0.9963929637909941, "['24130623', '3997370', 'Jahn', 'R']": 0.9963929637909941, "['24130623', '3996992', 'Jahn', 'R']": 0.9963929637909941, "['24130623', '3997252', 'Jahn', 'R']": 0.9963929637909941, "['24130623', '3997503', 'Jahn', 'R']": 0.9963929637909941, "['24130623', '3997514', 'Jahn', 'R']": 0.9963929637909941, "['24130623', '10.2307/1222446', 'Jahn', 'R']": 0.9963929637909941, "['24130623', '41059835', 'Jahn', 'R']": 0.9981328685737346, "['20649739', '10.2307/3668644', 'Jahn', 'R']": 0.9999970510965511, "['20649739', '3997728', 'Jahn', 'R']": 0.9999970511066546, "['20649739', '3997588', 'Jahn', 'R']": 0.9999970511066546, "['20649739', '3997614', 'Jahn', 'R']": 0.9999969818984311, "['20649739', '3997670', 'Jahn', 'R']": 0.9999972134752343, "['20649739', '3997370', 'Jahn', 'R']": 0.9963929637909941, "['20649739', '3996992', 'Jahn', 'R']": 0.9999969818984311, "['20649739', '3997252', 'Jahn', 'R']": 0.9999969818984311, "['20649739', '3997503', 'Jahn', 'R']": 0.9964753856126224, "['20649739', '3997514', 'Jahn', 'R']": 0.9999969818984311, "['20649739', '10.2307/1222446', 'Jahn', 'R']": 0.9999969818984311, "['20649739', '41059835', 'Jahn', 'R']": 0.9981328685737346, "['10.2307/3668644', '3997728', 'Jahn', 'R']": 0.9999969818984311, "['10.2307/3668644', '3997588', 'Jahn', 'R']": 0.9999969818984311, "['10.2307/3668644', '3997614', 'Jahn', 'R']": 0.9999969818984311, "['10.2307/3668644', '3997670', 'Jahn', 'R']": 0.9999969818984311, "['10.2307/3668644', '3997370', 'Jahn', 'R']": 0.9963929637909941, "['10.2307/3668644', '3996992', 'Jahn', 'R']": 0.9999969818984311, "['10.2307/3668644', '3997252', 'Jahn', 'R']": 0.9999969818984311, "['10.2307/3668644', '3997503', 'Jahn', 'R']": 0.9963929637909941, "['10.2307/3668644', '3997514', 'Jahn', 'R']": 0.9999970511066546, "['10.2307/3668644', '10.2307/1222446', 'Jahn', 'R']": 0.9999970652138946, "['10.2307/3668644', '41059835', 'Jahn', 'R']": 0.9981328685737346, "['3997728', '3997588', 'Jahn', 'R']": 0.999999064912348, "['3997728', '3997614', 'Jahn', 'R']": 0.9999972837424744, "['3997728', '3997670', 'Jahn', 'R']": 0.9999970590542234, "['3997728', '3997370', 'Jahn', 'R']": 0.9964753863358241, "['3997728', '3996992', 'Jahn', 'R']": 0.9999970510965511, "['3997728', '3997252', 'Jahn', 'R']": 0.9999970590542234, "['3997728', '3997503', 'Jahn', 'R']": 0.9964848514452299, "['3997728', '3997514', 'Jahn', 'R']": 0.9999970510965511, "['3997728', '10.2307/1222446', 'Jahn', 'R']": 0.9999969818984311, "['3997728', '41059835', 'Jahn', 'R']": 0.9981328685737346, "['3997588', '3997614', 'Jahn', 'R']": 0.9999986863673119, "['3997588', '3997670', 'Jahn', 'R']": 0.9999970590542234, "['3997588', '3997370', 'Jahn', 'R']": 0.9964753735790595, "['3997588', '3996992', 'Jahn', 'R']": 0.9999970510965511, "['3997588', '3997252', 'Jahn', 'R']": 0.9999970590542234, "['3997588', '3997503', 'Jahn', 'R']": 0.9964753863358241, "['3997588', '3997514', 'Jahn', 'R']": 0.9999970511072619, "['3997588', '10.2307/1222446', 'Jahn', 'R']": 0.9999969818984311, "['3997588', '41059835', 'Jahn', 'R']": 0.9981328685737346, "['3997614', '3997670', 'Jahn', 'R']": 0.9999970511072619, "['3997614', '3997370', 'Jahn', 'R']": 0.9964753735790595, "['3997614', '3996992', 'Jahn', 'R']": 0.9999970510965511, "['3997614', '3997252', 'Jahn', 'R']": 0.9999970590542234, "['3997614', '3997503', 'Jahn', 'R']": 0.9964753863358241, "['3997614', '3997514', 'Jahn', 'R']": 0.9999970511072619, "['3997614', '10.2307/1222446', 'Jahn', 'R']": 0.9999970511066546, "['3997614', '41059835', 'Jahn', 'R']": 0.9981328685737346, "['3997670', '3997370', 'Jahn', 'R']": 0.9964753735790595, "['3997670', '3996992', 'Jahn', 'R']": 0.9999970510965511, "['3997670', '3997252', 'Jahn', 'R']": 0.9999970511072619, "['3997670', '3997503', 'Jahn', 'R']": 0.9964848514452299, "['3997670', '3997514', 'Jahn', 'R']": 0.9999970590542234, "['3997670', '10.2307/1222446', 'Jahn', 'R']": 0.9999969818984311, "['3997670', '41059835', 'Jahn', 'R']": 0.9981328685737346, "['3997370', '3996992', 'Jahn', 'R']": 0.9964753735790595, "['3997370', '3997252', 'Jahn', 'R']": 0.9964753735790595, "['3997370', '3997503', 'Jahn', 'R']": 0.9999970568844179, "['3997370', '3997514', 'Jahn', 'R']": 0.9964753735790595, "['3997370', '10.2307/1222446', 'Jahn', 'R']": 0.9963929637909941, "['3997370', '41059835', 'Jahn', 'R']": 0.9981328685737346, "['3996992', '3997252', 'Jahn', 'R']": 0.9999970510965511, "['3996992', '3997503', 'Jahn', 'R']": 0.9964753735790595, "['3996992', '3997514', 'Jahn', 'R']": 0.9999970510965511, "['3996992', '10.2307/1222446', 'Jahn', 'R']": 0.9999969818984311, "['3996992', '41059835', 'Jahn', 'R']": 0.9981328685737346, "['3997252', '3997503', 'Jahn', 'R']": 0.9964753735790595, "['3997252', '3997514', 'Jahn', 'R']": 0.9999970590542234, "['3997252', '10.2307/1222446', 'Jahn', 'R']": 0.9999969818984311, "['3997252', '41059835', 'Jahn', 'R']": 0.9981328685737346,