{"['2436143', '2436015', 'Webber', 'I']": 0.9999990267071613, "['2436143', '24313666', 'Webber', 'I']": 0.9930950343127346, "['2436015', '24313666', 'Webber', 'I']": 0.9930950343127346}