{"['10.2307/3285226', '10.2307/3283790', 'Basu', 'M']": 0.9996620773755344, "['10.2307/3285226', '43190940', 'Basu', 'M']": 0.9913298316106751, "['10.2307/3285226', '41942851', 'Basu', 'M']": 0.9913298316106751, "['10.2307/3283790', '43190940', 'Basu', 'M']": 0.9955009819940255, "['10.2307/3283790', '41942851', 'Basu', 'M']": 0.9955009819940255, "['43190940', '41942851', 'Basu', 'M']": 0.9915269653698585}