{"['20181825', '40061838', 'Sweetman', 'J']": 0.9992239821394845, "['20181825', '4280046', 'Sweetman', 'J']": 0.9913298316106751, "['20181825', '4280521', 'Sweetman', 'J']": 0.9913298316106751, "['40061838', '4280046', 'Sweetman', 'J']": 0.9955009819940255, "['40061838', '4280521', 'Sweetman', 'J']": 0.9955009819940255, "['4280046', '4280521', 'Sweetman', 'J']": 0.9999987757163168}