{"['43229024', '43229226', 'Weckwerth', 'W']": 0.9993836349876662, "['43229024', '24037616', 'Weckwerth', 'W']": 0.9985850678063091, "['43229024', '24036081', 'Weckwerth', 'W']": 0.9985850678063091, "['43229024', '41434001', 'Weckwerth', 'W']": 0.9985850678063091, "['43229024', '23264454', 'Weckwerth', 'W']": 0.9985850678063091, "['43229024', '40065658', 'Weckwerth', 'W']": 0.9985850678063091, "['43229024', '40065644', 'Weckwerth', 'W']": 0.9985850678063091, "['43229024', '4130964', 'Weckwerth', 'W']": 0.9985850678063091, "['43229024', '20077186', 'Weckwerth', 'W']": 0.9985850678063091, "['43229024', '25224384', 'Weckwerth', 'W']": 0.9985850678063091, "['43229024', '23598519', 'Weckwerth', 'W']": 0.9985850678063091, "['43229226', '24037616', 'Weckwerth', 'W']": 0.9999977138843436, "['43229226', '24036081', 'Weckwerth', 'W']": 0.9999977138843436, "['43229226', '41434001', 'Weckwerth', 'W']": 0.9999977138843436, "['43229226', '23264454', 'Weckwerth', 'W']": 0.9999977138843436, "['43229226', '40065658', 'Weckwerth', 'W']": 0.9999977138843436, "['43229226', '40065644', 'Weckwerth', 'W']": 0.9999977138843436, "['43229226', '4130964', 'Weckwerth', 'W']": 0.9999977138843436, "['43229226', '20077186', 'Weckwerth', 'W']": 0.9999977138843436, "['43229226', '25224384', 'Weckwerth', 'W']": 0.9999977138843436, "['43229226', '23598519', 'Weckwerth', 'W']": 0.9999977138843436, "['24037616', '24036081', 'Weckwerth', 'W']": 0.9999977706838769, "['24037616', '41434001', 'Weckwerth', 'W']": 0.9999977623710469, "['24037616', '23264454', 'Weckwerth', 'W']": 0.9999977138843436, "['24037616', '40065658', 'Weckwerth', 'W']": 0.9999993983183791, "['24037616', '40065644', 'Weckwerth', 'W']": 0.9999977138843436, "['24037616', '4130964', 'Weckwerth', 'W']": 0.9999977769931943, "['24037616', '20077186', 'Weckwerth', 'W']": 0.9999977663074024, "['24037616', '25224384', 'Weckwerth', 'W']": 0.9999977623710469, "['24037616', '23598519', 'Weckwerth', 'W']": 0.9999977138843436, "['24036081', '41434001', 'Weckwerth', 'W']": 0.9999977769952014, "['24036081', '23264454', 'Weckwerth', 'W']": 0.9999977663074024, "['24036081', '40065658', 'Weckwerth', 'W']": 0.9999977623710469, "['24036081', '40065644', 'Weckwerth', 'W']": 0.9999977663074024, "['24036081', '4130964', 'Weckwerth', 'W']": 0.9999977769931943, "['24036081', '20077186', 'Weckwerth', 'W']": 0.9999977663226882, "['24036081', '25224384', 'Weckwerth', 'W']": 0.9999977769931943, "['24036081', '23598519', 'Weckwerth', 'W']": 0.9999977138843436, "['41434001', '23264454', 'Weckwerth', 'W']": 0.9999977663074024, "['41434001', '40065658', 'Weckwerth', 'W']": 0.9999977706818582, "['41434001', '40065644', 'Weckwerth', 'W']": 0.9999977663078623, "['41434001', '4130964', 'Weckwerth', 'W']": 0.9999977769931943, "['41434001', '20077186', 'Weckwerth', 'W']": 0.9999977663074024, "['41434001', '25224384', 'Weckwerth', 'W']": 0.9999977769931943, "['41434001', '23598519', 'Weckwerth', 'W']": 0.9999977662997493, "['23264454', '40065658', 'Weckwerth', 'W']": 0.9999977138843436, "['23264454', '40065644', 'Weckwerth', 'W']": 0.9999977663074024, "['23264454', '4130964', 'Weckwerth', 'W']": 0.9999977663078623, "['23264454', '20077186', 'Weckwerth', 'W']": 0.9999977663078623, "['23264454', '25224384', 'Weckwerth', 'W']": 0.9999977663078623, "['23264454', '23598519', 'Weckwerth', 'W']": 0.9999977138843436, "['40065658', '40065644', 'Weckwerth', 'W']": 0.9999977662997493, "['40065658', '4130964', 'Weckwerth', 'W']": 0.9999977623710469, "['40065658', '20077186', 'Weckwerth', 'W']": 0.9999977706386232, "['40065658', '25224384', 'Weckwerth', 'W']": 0.9999977623710469, "['40065658', '23598519', 'Weckwerth', 'W']": 0.9999977662997493, "['40065644', '4130964', 'Weckwerth', 'W']": 0.9999977481813703, "['40065644', '20077186', 'Weckwerth', 'W']": 0.9999977663074024, "['40065644', '25224384', 'Weckwerth', 'W']": 0.9999969530066385, "['40065644', '23598519', 'Weckwerth', 'W']": 0.9999977662997493, "['4130964', '20077186', 'Weckwerth', 'W']": 0.9999977723274366, "['4130964', '25224384', 'Weckwerth', 'W']": 0.9999969500167846, "['4130964', '23598519', 'Weckwerth', 'W']": 0.9999977138843436, "['20077186', '25224384', 'Weckwerth', 'W']": 0.9999977663078623, "['20077186', '23598519', 'Weckwerth', 'W']": 0.9999977663226882, "['25224384', '23598519', 'Weckwerth', 'W']": 0.9999977138843436}