{"['23356559', '43227825', 'Boas', 'F']": 0.9999992432437455, "['23356559', '43225259', 'Boas', 'F']": 0.9999992432437455, "['43227825', '43225259', 'Boas', 'F']": 0.9999992625897667}