{"['4274107', '4045549', 'Weimer', 'M']": 0.9999985346800881, "['4274107', '4045175', 'Weimer', 'M']": 0.9999985253879169, "['4274107', '4044664', 'Weimer', 'M']": 0.9999985029283595, "['4274107', '4044227', 'Weimer', 'M']": 0.9999985029283595, "['4045549', '4045175', 'Weimer', 'M']": 0.9999985401224593, "['4045549', '4044664', 'Weimer', 'M']": 0.9999985372528162, "['4045549', '4044227', 'Weimer', 'M']": 0.9999985372528162, "['4045175', '4044664', 'Weimer', 'M']": 0.999998537258129, "['4045175', '4044227', 'Weimer', 'M']": 0.9999985372528162, "['4044664', '4044227', 'Weimer', 'M']": 0.9999985401224593}