{"['2443686', '10.2307/3795905', 'MacGregor', 'A']": 0.9929879843661213, "['2443686', '4291921', 'MacGregor', 'A']": 0.9999696733649759, "['2443686', '10.2307/1374214', 'MacGregor', 'A']": 0.9998250965614335, "['2443686', '4268641', 'MacGregor', 'A']": 0.9972588295363991, "['2443686', '4268117', 'MacGregor', 'A']": 0.9972588295363991, "['2443686', '4268382', 'MacGregor', 'A']": 0.9972588295363991, "['10.2307/3795905', '4291921', 'MacGregor', 'A']": 0.997199374314637, "['10.2307/3795905', '10.2307/1374214', 'MacGregor', 'A']": 0.9570537997987899, "['10.2307/3795905', '4268641', 'MacGregor', 'A']": 0.9747924325779532, "['10.2307/3795905', '4268117', 'MacGregor', 'A']": 0.9747924325779532, "['10.2307/3795905', '4268382', 'MacGregor', 'A']": 0.9747924325779532, "['4291921', '10.2307/1374214', 'MacGregor', 'A']": 0.9999310486494556, "['4291921', '4268641', 'MacGregor', 'A']": 0.9937274509170632, "['4291921', '4268117', 'MacGregor', 'A']": 0.9937274509170632, "['4291921', '4268382', 'MacGregor', 'A']": 0.9937274509170632, "['10.2307/1374214', '4268641', 'MacGregor', 'A']": 0.9741962193470316, "['10.2307/1374214', '4268117', 'MacGregor', 'A']": 0.9741962193470316, "['10.2307/1374214', '4268382', 'MacGregor', 'A']": 0.9741962193470316, "['4268641', '4268117', 'MacGregor', 'A']": 0.9999980870456507, "['4268641', '4268382', 'MacGregor', 'A']": 0.9999980870456507, "['4268117', '4268382', 'MacGregor', 'A']": 0.9999991639389219}