{"['20622023', '2657036', 'Faivre', 'A']": 0.9999985372528162, "['20622023', '2640577', 'Faivre', 'A']": 0.9999985029283595, "['20622023', '10.2307/3088681', 'Faivre', 'A']": 0.9999985029283595, "['20622023', '3080211', 'Faivre', 'A']": 0.999998375035176, "['2657036', '2640577', 'Faivre', 'A']": 0.9999985029283595, "['2657036', '10.2307/3088681', 'Faivre', 'A']": 0.999998537257828, "['2657036', '3080211', 'Faivre', 'A']": 0.9999993322116089, "['2640577', '10.2307/3088681', 'Faivre', 'A']": 0.9999985029283595, "['2640577', '3080211', 'Faivre', 'A']": 0.9999985253022048, "['10.2307/3088681', '3080211', 'Faivre', 'A']": 0.9999985253429006}