{"['42883230', '23065845', 'Brar', 'G']": 0.9982191455848927, "['42883230', '23609182', 'Brar', 'G']": 0.9945942948681601, "['42883230', '23609433', 'Brar', 'G']": 0.9945942948681601, "['42883230', '23268507', 'Brar', 'G']": 0.9999004013194326, "['42883230', '41759149', 'Brar', 'G']": 0.9945942948681601, "['42883230', '24587734', 'Brar', 'G']": 0.9945942948681601, "['23065845', '23609182', 'Brar', 'G']": 0.9999994278428518, "['23065845', '23609433', 'Brar', 'G']": 0.9999994286438145, "['23065845', '23268507', 'Brar', 'G']": 0.9997099751947448, "['23065845', '41759149', 'Brar', 'G']": 0.9999994284224188, "['23065845', '24587734', 'Brar', 'G']": 0.9999994278428518, "['23609182', '23609433', 'Brar', 'G']": 0.9999997532251813, "['23609182', '23268507', 'Brar', 'G']": 0.9996282986427736, "['23609182', '41759149', 'Brar', 'G']": 0.9999997531792805, "['23609182', '24587734', 'Brar', 'G']": 0.9999997532251813, "['23609433', '23268507', 'Brar', 'G']": 0.9996283353897606, "['23609433', '41759149', 'Brar', 'G']": 0.9999997527854028, "['23609433', '24587734', 'Brar', 'G']": 0.9999997531010306, "['23268507', '41759149', 'Brar', 'G']": 0.9996283353897606, "['23268507', '24587734', 'Brar', 'G']": 0.9996283353897606, "['41759149', '24587734', 'Brar', 'G']": 0.9999997531792805}