{"['2442771', '2474426', 'Kuehnert', 'C']": 0.9999982686314457, "['2442771', '2473614', 'Kuehnert', 'C']": 0.9999982686314457, "['2442771', '2473695', 'Kuehnert', 'C']": 0.9999982686314457, "['2442771', '2440214', 'Kuehnert', 'C']": 0.9989526022791995, "['2442771', '2473759', 'Kuehnert', 'C']": 0.9999982686314457, "['2474426', '2473614', 'Kuehnert', 'C']": 0.9999983128928058, "['2474426', '2473695', 'Kuehnert', 'C']": 0.9999983128928058, "['2474426', '2440214', 'Kuehnert', 'C']": 0.9989526020637535, "['2474426', '2473759', 'Kuehnert', 'C']": 0.9999997707920064, "['2473614', '2473695', 'Kuehnert', 'C']": 0.9999983128928058, "['2473614', '2440214', 'Kuehnert', 'C']": 0.9989526020637535, "['2473614', '2473759', 'Kuehnert', 'C']": 0.9999992464201012, "['2473695', '2440214', 'Kuehnert', 'C']": 0.9989526020637535, "['2473695', '2473759', 'Kuehnert', 'C']": 0.9999984417879411, "['2440214', '2473759', 'Kuehnert', 'C']": 0.9989526020637535}