{"['4271377', '2557436', 'Nelemans', 'J']": 0.9992397046042989, "['4271377', '4269424', 'Nelemans', 'J']": 0.9999974112661075, "['2557436', '4269424', 'Nelemans', 'J']": 0.9992371158704065}