{"['43578137', '4354200', 'Plummer', 'J']": 0.9970636982459894, "['43578137', '3236393', 'Plummer', 'J']": 0.9971300301093619, "['43578137', '4270926', 'Plummer', 'J']": 0.9970636982459894, "['43578137', '4277666', 'Plummer', 'J']": 0.9930736051623282, "['43578137', '24125358', 'Plummer', 'J']": 0.9970598339005259, "['43578137', '23644234', 'Plummer', 'J']": 0.9999661557547737, "['43578137', '42952900', 'Plummer', 'J']": 0.9970636982459894, "['43578137', '43475735', 'Plummer', 'J']": 0.9859958205578433, "['4354200', '3236393', 'Plummer', 'J']": 0.9999977912271628, "['4354200', '4270926', 'Plummer', 'J']": 0.999997607664871, "['4354200', '4277666', 'Plummer', 'J']": 0.9999945805911644, "['4354200', '24125358', 'Plummer', 'J']": 0.9999976625396453, "['4354200', '23644234', 'Plummer', 'J']": 0.9985194231880288, "['4354200', '42952900', 'Plummer', 'J']": 0.999997607664871, "['4354200', '43475735', 'Plummer', 'J']": 0.986949132414405, "['3236393', '4270926', 'Plummer', 'J']": 0.9999976625236495, "['3236393', '4277666', 'Plummer', 'J']": 0.9999945805911644, "['3236393', '24125358', 'Plummer', 'J']": 0.9999976625236495, "['3236393', '23644234', 'Plummer', 'J']": 0.9985194231880288, "['3236393', '42952900', 'Plummer', 'J']": 0.999997607664871, "['3236393', '43475735', 'Plummer', 'J']": 0.9869452529200635, "['4270926', '4277666', 'Plummer', 'J']": 0.9999946007194086, "['4270926', '24125358', 'Plummer', 'J']": 0.999997607664871, "['4270926', '23644234', 'Plummer', 'J']": 0.9985194231880288, "['4270926', '42952900', 'Plummer', 'J']": 0.999997607664871, "['4270926', '43475735', 'Plummer', 'J']": 0.986949132414405, "['4277666', '24125358', 'Plummer', 'J']": 0.9999945805911644, "['4277666', '23644234', 'Plummer', 'J']": 0.9966581481690079, "['4277666', '42952900', 'Plummer', 'J']": 0.9999945805911644, "['4277666', '43475735', 'Plummer', 'J']": 0.9955918805003015, "['24125358', '23644234', 'Plummer', 'J']": 0.9985194231880288, "['24125358', '42952900', 'Plummer', 'J']": 0.9999976625156408, "['24125358', '43475735', 'Plummer', 'J']": 0.9872287762377933, "['23644234', '42952900', 'Plummer', 'J']": 0.9985194231880288, "['23644234', '43475735', 'Plummer', 'J']": 0.9929367173385724, "['42952900', '43475735', 'Plummer', 'J']": 0.986949132414405}