{"['2453037', '20166479', 'Mathews', 'A']": 0.9634962257548936, "['2453037', '20166482', 'Mathews', 'A']": 0.9634962355592538, "['2453037', '20166585', 'Mathews', 'A']": 0.9634962257548936, "['2453037', '20166608', 'Mathews', 'A']": 0.9526209285570398, "['2453037', '20166540', 'Mathews', 'A']": 0.9317880392702603, "['2453037', '2455868', 'Mathews', 'A']": 0.9999876151477688, "['2453037', '20166526', 'Mathews', 'A']": 0.9634962257548936, "['2453037', '2457149', 'Mathews', 'A']": 0.9449390017549822, "['2453037', '20166512', 'Mathews', 'A']": 0.9634962257548936, "['2453037', '20166557', 'Mathews', 'A']": 0.952630016896375, "['2453037', '3985973', 'Mathews', 'A']": 0.9786659803695658, "['2453037', '30060422', 'Mathews', 'A']": 0.9738728026029349, "['2453037', '40663799', 'Mathews', 'A']": 0.9786659803695658, "['2453037', '4603602', 'Mathews', 'A']": 0.9786659803695658, "['2453037', '20172136', 'Mathews', 'A']": 0.9894248236161097, "['2453037', '4270230', 'Mathews', 'A']": 0.9929309156892249, "['20166479', '20166482', 'Mathews', 'A']": 0.999996118293843, "['20166479', '20166585', 'Mathews', 'A']": 0.9999961287686916, "['20166479', '20166608', 'Mathews', 'A']": 0.999996118293843, "['20166479', '20166540', 'Mathews', 'A']": 0.9999785095976635, "['20166479', '2455868', 'Mathews', 'A']": 0.9320327150869626, "['20166479', '20166526', 'Mathews', 'A']": 0.9999987589104729, "['20166479', '2457149', 'Mathews', 'A']": 0.869973106681826, "['20166479', '20166512', 'Mathews', 'A']": 0.9999987589104729, "['20166479', '20166557', 'Mathews', 'A']": 0.9999961287686916, "['20166479', '3985973', 'Mathews', 'A']": 0.9730182257822431, "['20166479', '30060422', 'Mathews', 'A']": 0.9297549982132994, "['20166479', '40663799', 'Mathews', 'A']": 0.9736206263896307, "['20166479', '4603602', 'Mathews', 'A']": 0.9730182257822431, "['20166479', '20172136', 'Mathews', 'A']": 0.9796577469743967, "['20166479', '4270230', 'Mathews', 'A']": 0.9622082015064336, "['20166482', '20166585', 'Mathews', 'A']": 0.999996118293843, "['20166482', '20166608', 'Mathews', 'A']": 0.999996118293843, "['20166482', '20166540', 'Mathews', 'A']": 0.9999784513023213, "['20166482', '2455868', 'Mathews', 'A']": 0.9320327339773096, "['20166482', '20166526', 'Mathews', 'A']": 0.999996118293843, "['20166482', '2457149', 'Mathews', 'A']": 0.8699731191001212, "['20166482', '20166512', 'Mathews', 'A']": 0.999996118293843, "['20166482', '20166557', 'Mathews', 'A']": 0.999996118293843, "['20166482', '3985973', 'Mathews', 'A']": 0.9730182257822431, "['20166482', '30060422', 'Mathews', 'A']": 0.929755002210003, "['20166482', '40663799', 'Mathews', 'A']": 0.9730182257822431, "['20166482', '4603602', 'Mathews', 'A']": 0.9730182257822431, "['20166482', '20172136', 'Mathews', 'A']": 0.9796577480163595, "['20166482', '4270230', 'Mathews', 'A']": 0.9622082109209573, "['20166585', '20166608', 'Mathews', 'A']": 0.9999961287686916, "['20166585', '20166540', 'Mathews', 'A']": 0.9999785095976635, "['20166585', '2455868', 'Mathews', 'A']": 0.9320327150869626, "['20166585', '20166526', 'Mathews', 'A']": 0.9999961287686916, "['20166585', '2457149', 'Mathews', 'A']": 0.869973106681826, "['20166585', '20166512', 'Mathews', 'A']": 0.9999961287686916, "['20166585', '20166557', 'Mathews', 'A']": 0.9999994740590059, "['20166585', '3985973', 'Mathews', 'A']": 0.9730182257822431, "['20166585', '30060422', 'Mathews', 'A']": 0.9297549982132994, "['20166585', '40663799', 'Mathews', 'A']": 0.9730182257822431, "['20166585', '4603602', 'Mathews', 'A']": 0.9730182257822431, "['20166585', '20172136', 'Mathews', 'A']": 0.9796577469743967, "['20166585', '4270230', 'Mathews', 'A']": 0.9622082015064336, "['20166608', '20166540', 'Mathews', 'A']": 0.9999787852591109, "['20166608', '2455868', 'Mathews', 'A']": 0.9305398663209168, "['20166608', '20166526', 'Mathews', 'A']": 0.999996118293843, "['20166608', '2457149', 'Mathews', 'A']": 0.897085113219269, "['20166608', '20166512', 'Mathews', 'A']": 0.999996118293843, "['20166608', '20166557', 'Mathews', 'A']": 0.999996118293843, "['20166608', '3985973', 'Mathews', 'A']": 0.9730182257822431, "['20166608', '30060422', 'Mathews', 'A']": 0.9291560157106471, "['20166608', '40663799', 'Mathews', 'A']": 0.9730182257822431, "['20166608', '4603602', 'Mathews', 'A']": 0.9730182257822431, "['20166608', '20172136', 'Mathews', 'A']": 0.9779892838590832, "['20166608', '4270230', 'Mathews', 'A']": 0.9622081832475364, "['20166540', '2455868', 'Mathews', 'A']": 0.9312002396791883, "['20166540', '20166526', 'Mathews', 'A']": 0.9999785095976635, "['20166540', '2457149', 'Mathews', 'A']": 0.8809276939147583, "['20166540', '20166512', 'Mathews', 'A']": 0.9999785095976635, "['20166540', '20166557', 'Mathews', 'A']": 0.9999355700451577, "['20166540', '3985973', 'Mathews', 'A']": 0.9316707108134767, "['20166540', '30060422', 'Mathews', 'A']": 0.8815173619616474, "['20166540', '40663799', 'Mathews', 'A']": 0.9316750272049464, "['20166540', '4603602', 'Mathews', 'A']": 0.9316707108134767, "['20166540', '20172136', 'Mathews', 'A']": 0.9487778063051934, "['20166540', '4270230', 'Mathews', 'A']": 0.9584159577826118, "['2455868', '20166526', 'Mathews', 'A']": 0.9320327150869626, "['2455868', '2457149', 'Mathews', 'A']": 0.9276594441396555, "['2455868', '20166512', 'Mathews', 'A']": 0.9320327150869626, "['2455868', '20166557', 'Mathews', 'A']": 0.9305540649489712, "['2455868', '3985973', 'Mathews', 'A']": 0.9542285694142525, "['2455868', '30060422', 'Mathews', 'A']": 0.9590925971842054, "['2455868', '40663799', 'Mathews', 'A']": 0.9542285694142525, "['2455868', '4603602', 'Mathews', 'A']": 0.9542285694142525, "['2455868', '20172136', 'Mathews', 'A']": 0.9763202402874405, "['2455868', '4270230', 'Mathews', 'A']": 0.9819522295404355, "['20166526', '2457149', 'Mathews', 'A']": 0.869973106681826, "['20166526', '20166512', 'Mathews', 'A']": 0.9999987589104729, "['20166526', '20166557', 'Mathews', 'A']": 0.9999961287686916, "['20166526', '3985973', 'Mathews', 'A']": 0.9730182257822431, "['20166526', '30060422', 'Mathews', 'A']": 0.9297549982132994, "['20166526', '40663799', 'Mathews', 'A']": 0.9736206263896307, "['20166526', '4603602', 'Mathews', 'A']": 0.9730182257822431, "['20166526', '20172136', 'Mathews', 'A']": 0.9796577469743967, "['20166526', '4270230', 'Mathews', 'A']": 0.9622082015064336, "['2457149', '20166512', 'Mathews', 'A']": 0.869973106681826, "['2457149', '20166557', 'Mathews', 'A']": 0.8970937989767394, "['2457149', '3985973', 'Mathews', 'A']": 0.8927028280725058, "['2457149', '30060422', 'Mathews', 'A']": 0.9264548580024581, "['2457149', '40663799', 'Mathews', 'A']": 0.8927595351290302, "['2457149', '4603602', 'Mathews', 'A']": 0.8927028280725058, "['2457149', '20172136', 'Mathews', 'A']": 0.9070901191645674, "['2457149', '4270230', 'Mathews', 'A']": 0.9065665667400047, "['20166512', '20166557', 'Mathews', 'A']": 0.9999961287686916, "['20166512', '3985973', 'Mathews', 'A']": 0.9730182257822431, "['20166512', '30060422', 'Mathews', 'A']": 0.9297549982132994, "['20166512', '40663799', 'Mathews', 'A']": 0.9736206263896307, "['20166512', '4603602', 'Mathews', 'A']": 0.9730182257822431, "['20166512', '20172136', 'Mathews', 'A']": 0.9796577469743967, "['20166512', '4270230', 'Mathews', 'A']": 0.9622082015064336, "['20166557', '3985973', 'Mathews', 'A']": 0.9730182257822431, "['20166557', '30060422', 'Mathews', 'A']": 0.929159068232939, "['20166557', '40663799', 'Mathews', 'A']": 0.9730182257822431, "['20166557', '4603602', 'Mathews', 'A']": 0.9730182257822431, "['20166557', '20172136', 'Mathews', 'A']": 0.977990143776824, "['20166557', '4270230', 'Mathews', 'A']": 0.9622152161141162, "['3985973', '30060422', 'Mathews', 'A']": 0.918760598262316, "['3985973', '40663799', 'Mathews', 'A']": 0.9730182257822431, "['3985973', '4603602', 'Mathews', 'A']": 0.9999961114665867, "['3985973', '20172136', 'Mathews', 'A']": 0.9849850471908607, "['3985973', '4270230', 'Mathews', 'A']": 0.9779810488897358,