{"['10.2307/2425379', '1350703', 'Dudley', 'D']": 0.9896585726988241, "['10.2307/2425379', '10.2307/4003867', 'Dudley', 'D']": 0.9790633198738654, "['10.2307/2425379', '10.2307/3669736', 'Dudley', 'D']": 0.9915943608168449, "['10.2307/2425379', '3899835', 'Dudley', 'D']": 0.9896585726988241, "['1350703', '10.2307/4003867', 'Dudley', 'D']": 0.9790633198738654, "['1350703', '10.2307/3669736', 'Dudley', 'D']": 0.9915943608168449, "['1350703', '3899835', 'Dudley', 'D']": 0.9896585726988241, "['10.2307/4003867', '10.2307/3669736', 'Dudley', 'D']": 0.9774507645971768, "['10.2307/4003867', '3899835', 'Dudley', 'D']": 0.9999968005020755, "['10.2307/3669736', '3899835', 'Dudley', 'D']": 0.9910401319080345}