{"['2430728', '10.2307/2412718', 'Sackin', 'M']": 0.9999860791191942, "['2430728', '10.2307/2412292', 'Sackin', 'M']": 0.9965292686520955, "['10.2307/2412718', '10.2307/2412292', 'Sackin', 'M']": 0.9965431895329013}