{"['43229024', '24134402', 'Beran', 'F']": 0.9999841699161267, "['43229024', '43229100', 'Beran', 'F']": 0.9998332185428873, "['43229024', '23598495', 'Beran', 'F']": 0.9986797978129469, "['43229024', '43215966', 'Beran', 'F']": 0.9985671758081371, "['43229024', '43231583', 'Beran', 'F']": 0.9985671758081371, "['43229024', '43229779', 'Beran', 'F']": 0.9999841699161267, "['43229024', '43526174', 'Beran', 'F']": 0.9985671758081371, "['43229024', '43233285', 'Beran', 'F']": 0.9621398134883978, "['43229024', '43526547', 'Beran', 'F']": 0.9985671758081371, "['43229024', '43229819', 'Beran', 'F']": 0.9985671758081371, "['24134402', '43229100', 'Beran', 'F']": 0.9985671758081371, "['24134402', '23598495', 'Beran', 'F']": 0.9985671758081371, "['24134402', '43215966', 'Beran', 'F']": 0.9987100324661657, "['24134402', '43231583', 'Beran', 'F']": 0.998710041282297, "['24134402', '43229779', 'Beran', 'F']": 0.9999857502367047, "['24134402', '43526174', 'Beran', 'F']": 0.998710041282297, "['24134402', '43233285', 'Beran', 'F']": 0.9731280194398838, "['24134402', '43526547', 'Beran', 'F']": 0.998710041282297, "['24134402', '43229819', 'Beran', 'F']": 0.9987100324661657, "['43229100', '23598495', 'Beran', 'F']": 0.9999963234444347, "['43229100', '43215966', 'Beran', 'F']": 0.9944938112971405, "['43229100', '43231583', 'Beran', 'F']": 0.9944905025468338, "['43229100', '43229779', 'Beran', 'F']": 0.997514019945468, "['43229100', '43526174', 'Beran', 'F']": 0.9944954712765486, "['43229100', '43233285', 'Beran', 'F']": 0.9895040587484148, "['43229100', '43526547', 'Beran', 'F']": 0.9944954712765486, "['43229100', '43229819', 'Beran', 'F']": 0.9944935778717845, "['23598495', '43215966', 'Beran', 'F']": 0.9972308616891806, "['23598495', '43231583', 'Beran', 'F']": 0.9972308616891806, "['23598495', '43229779', 'Beran', 'F']": 0.9985671758081371, "['23598495', '43526174', 'Beran', 'F']": 0.9972308616891806, "['23598495', '43233285', 'Beran', 'F']": 0.9768327952193345, "['23598495', '43526547', 'Beran', 'F']": 0.9972308616891806, "['23598495', '43229819', 'Beran', 'F']": 0.9972308616891806, "['43215966', '43231583', 'Beran', 'F']": 0.9999979160652306, "['43215966', '43229779', 'Beran', 'F']": 0.9987100324661657, "['43215966', '43526174', 'Beran', 'F']": 0.999997920091832, "['43215966', '43233285', 'Beran', 'F']": 0.9999173491620542, "['43215966', '43526547', 'Beran', 'F']": 0.9999979160652306, "['43215966', '43229819', 'Beran', 'F']": 0.9999978671422706, "['43231583', '43229779', 'Beran', 'F']": 0.9987100327314427, "['43231583', '43526174', 'Beran', 'F']": 0.9999979216674302, "['43231583', '43233285', 'Beran', 'F']": 0.9999994449495373, "['43231583', '43526547', 'Beran', 'F']": 0.9999979216674302, "['43231583', '43229819', 'Beran', 'F']": 0.9999979160438296, "['43229779', '43526174', 'Beran', 'F']": 0.9987100327314427, "['43229779', '43233285', 'Beran', 'F']": 0.9801241789682812, "['43229779', '43526547', 'Beran', 'F']": 0.9987100327314427, "['43229779', '43229819', 'Beran', 'F']": 0.9994249315434642, "['43526174', '43233285', 'Beran', 'F']": 0.9998761622171093, "['43526174', '43526547', 'Beran', 'F']": 0.9999990716374892, "['43526174', '43229819', 'Beran', 'F']": 0.9999979160513989, "['43233285', '43526547', 'Beran', 'F']": 0.9998761622171093, "['43233285', '43229819', 'Beran', 'F']": 0.9999231408467196, "['43526547', '43229819', 'Beran', 'F']": 0.9999979160513989}