{"['10.2307/3872834', '4151166', 'Jacobsen', 'R']": 0.9880594260757479, "['10.2307/3872834', '2390327', 'Jacobsen', 'R']": 0.9975225452809062, "['10.2307/3872834', '41432983', 'Jacobsen', 'R']": 0.9804800580531744, "['10.2307/3872834', '25085859', 'Jacobsen', 'R']": 0.9880594260757479, "['10.2307/3872834', '1468418', 'Jacobsen', 'R']": 0.9761777452833613, "['4151166', '2390327', 'Jacobsen', 'R']": 0.9975225452809062, "['4151166', '41432983', 'Jacobsen', 'R']": 0.9777700593643477, "['4151166', '25085859', 'Jacobsen', 'R']": 0.9999983083335862, "['4151166', '1468418', 'Jacobsen', 'R']": 0.999996893678962, "['2390327', '41432983', 'Jacobsen', 'R']": 0.995064523536803, "['2390327', '25085859', 'Jacobsen', 'R']": 0.9975225452809062, "['2390327', '1468418', 'Jacobsen', 'R']": 0.9939592904527645, "['41432983', '25085859', 'Jacobsen', 'R']": 0.9777731859534965, "['41432983', '1468418', 'Jacobsen', 'R']": 0.9752977923227065, "['25085859', '1468418', 'Jacobsen', 'R']": 0.9999694129679164}