{"['2454322', '2454725', 'K.', 'C']": 0.9999727107394359, "['2454322', '10.2307/2475535', 'K.', 'C']": 0.9997057856106545, "['2454322', '10.2307/2477202', 'K.', 'C']": 0.9997873697911764, "['2454322', '2454321', 'K.', 'C']": 0.9996357083077364, "['2454322', '2453930', 'K.', 'C']": 0.9998489396667692, "['2454322', '2454323', 'K.', 'C']": 0.9999593748624868, "['2454322', '2454471', 'K.', 'C']": 0.9996054639355989, "['2454322', '2454724', 'K.', 'C']": 0.9999635561404462, "['2454322', '2454462', 'K.', 'C']": 0.9991145729125547, "['2454322', '20443302', 'K.', 'C']": 0.9078594463009191, "['2454322', '20649712', 'K.', 'C']": 0.907889984884354, "['2454725', '10.2307/2475535', 'K.', 'C']": 0.999672936944388, "['2454725', '10.2307/2477202', 'K.', 'C']": 0.9998561563172031, "['2454725', '2454321', 'K.', 'C']": 0.999413695626747, "['2454725', '2453930', 'K.', 'C']": 0.9998847088710705, "['2454725', '2454323', 'K.', 'C']": 0.999152302299704, "['2454725', '2454471', 'K.', 'C']": 0.9993783347422589, "['2454725', '2454724', 'K.', 'C']": 0.9999258147446523, "['2454725', '2454462', 'K.', 'C']": 0.9981807871739619, "['2454725', '20443302', 'K.', 'C']": 0.8874054748280422, "['2454725', '20649712', 'K.', 'C']": 0.9158925882384489, "['10.2307/2475535', '10.2307/2477202', 'K.', 'C']": 0.9994482095344976, "['10.2307/2475535', '2454321', 'K.', 'C']": 0.9995960159113468, "['10.2307/2475535', '2453930', 'K.', 'C']": 0.9987490256754364, "['10.2307/2475535', '2454323', 'K.', 'C']": 0.9995960159113468, "['10.2307/2475535', '2454471', 'K.', 'C']": 0.9998442557547395, "['10.2307/2475535', '2454724', 'K.', 'C']": 0.9995883617593064, "['10.2307/2475535', '2454462', 'K.', 'C']": 0.9992301229615458, "['10.2307/2475535', '20443302', 'K.', 'C']": 0.899863401681836, "['10.2307/2475535', '20649712', 'K.', 'C']": 0.9210690587453173, "['10.2307/2477202', '2454321', 'K.', 'C']": 0.9996213453478273, "['10.2307/2477202', '2453930', 'K.', 'C']": 0.9992947659941019, "['10.2307/2477202', '2454323', 'K.', 'C']": 0.9995246844812846, "['10.2307/2477202', '2454471', 'K.', 'C']": 0.9997498129148811, "['10.2307/2477202', '2454724', 'K.', 'C']": 0.9998828091602748, "['10.2307/2477202', '2454462', 'K.', 'C']": 0.9990737864813775, "['10.2307/2477202', '20443302', 'K.', 'C']": 0.8869001182312566, "['10.2307/2477202', '20649712', 'K.', 'C']": 0.9145565221201922, "['2454321', '2453930', 'K.', 'C']": 0.999314696345561, "['2454321', '2454323', 'K.', 'C']": 0.9994000937562967, "['2454321', '2454471', 'K.', 'C']": 0.9984537281284944, "['2454321', '2454724', 'K.', 'C']": 0.999097689325635, "['2454321', '2454462', 'K.', 'C']": 0.9974820519294584, "['2454321', '20443302', 'K.', 'C']": 0.9013384172759356, "['2454321', '20649712', 'K.', 'C']": 0.9221190863809633, "['2453930', '2454323', 'K.', 'C']": 0.999773509329945, "['2453930', '2454471', 'K.', 'C']": 0.9997863005300988, "['2453930', '2454724', 'K.', 'C']": 0.9998785156584249, "['2453930', '2454462', 'K.', 'C']": 0.9987270106164753, "['2453930', '20443302', 'K.', 'C']": 0.9036580891324185, "['2453930', '20649712', 'K.', 'C']": 0.9256698464848322, "['2454323', '2454471', 'K.', 'C']": 0.9997357057113486, "['2454323', '2454724', 'K.', 'C']": 0.9995597856855225, "['2454323', '2454462', 'K.', 'C']": 0.9991069557367469, "['2454323', '20443302', 'K.', 'C']": 0.9009709973345942, "['2454323', '20649712', 'K.', 'C']": 0.9224438230725358, "['2454471', '2454724', 'K.', 'C']": 0.9999574836211255, "['2454471', '2454462', 'K.', 'C']": 0.9994932614547377, "['2454471', '20443302', 'K.', 'C']": 0.9003483797122966, "['2454471', '20649712', 'K.', 'C']": 0.9218297062635085, "['2454724', '2454462', 'K.', 'C']": 0.9997082791182432, "['2454724', '20443302', 'K.', 'C']": 0.8867900146715333, "['2454724', '20649712', 'K.', 'C']": 0.9145632578401841, "['2454462', '20443302', 'K.', 'C']": 0.9000437375672089, "['2454462', '20649712', 'K.', 'C']": 0.9030846095675447, "['20443302', '20649712', 'K.', 'C']": 0.9999685593623879}