{"['24035920', '4268475', 'Grodzinski', 'B']": 0.9999964279257039, "['24035920', '4268532', 'Grodzinski', 'B']": 0.9999964279257039, "['24035920', '4278270', 'Grodzinski', 'B']": 0.9999965265336728, "['24035920', '4268995', 'Grodzinski', 'B']": 0.9997129452434044, "['24035920', '23371902', 'Grodzinski', 'B']": 0.9956333171328748, "['24035920', '23372380', 'Grodzinski', 'B']": 0.9956333171328748, "['24035920', '4267890', 'Grodzinski', 'B']": 0.9997130397462619, "['24035920', '23373962', 'Grodzinski', 'B']": 0.9999964279257039, "['24035920', '4274849', 'Grodzinski', 'B']": 0.9999964279257039, "['24035920', '4272039', 'Grodzinski', 'B']": 0.9999965098370568, "['24035920', '4277148', 'Grodzinski', 'B']": 0.9999965098609407, "['24035920', '4263537', 'Grodzinski', 'B']": 0.9977909123460194, "['24035920', '23371691', 'Grodzinski', 'B']": 0.9955341144629982, "['24035920', '4268080', 'Grodzinski', 'B']": 0.9999964279257039, "['24035920', '4278870', 'Grodzinski', 'B']": 0.9999965098609407, "['24035920', '4262085', 'Grodzinski', 'B']": 0.9977909123460194, "['24035920', '4268565', 'Grodzinski', 'B']": 0.9999965098370568, "['24035920', '4264523', 'Grodzinski', 'B']": 0.9999964279257039, "['24035920', '4271140', 'Grodzinski', 'B']": 0.9999965098370568, "['24035920', '4265645', 'Grodzinski', 'B']": 0.9999965098370568, "['4268475', '4268532', 'Grodzinski', 'B']": 0.9999965098250987, "['4268475', '4278270', 'Grodzinski', 'B']": 0.9999965098377753, "['4268475', '4268995', 'Grodzinski', 'B']": 0.9999784439217422, "['4268475', '23371902', 'Grodzinski', 'B']": 0.9955264653303394, "['4268475', '23372380', 'Grodzinski', 'B']": 0.9955264653303394, "['4268475', '4267890', 'Grodzinski', 'B']": 0.9999784439217422, "['4268475', '23373962', 'Grodzinski', 'B']": 0.9999964279257039, "['4268475', '4274849', 'Grodzinski', 'B']": 0.9999965098250987, "['4268475', '4272039', 'Grodzinski', 'B']": 0.9999965098250987, "['4268475', '4277148', 'Grodzinski', 'B']": 0.9999965098250987, "['4268475', '4263537', 'Grodzinski', 'B']": 0.997841452459771, "['4268475', '23371691', 'Grodzinski', 'B']": 0.9955264653303394, "['4268475', '4268080', 'Grodzinski', 'B']": 0.9999965192433974, "['4268475', '4278870', 'Grodzinski', 'B']": 0.9999965098250987, "['4268475', '4262085', 'Grodzinski', 'B']": 0.997841452459771, "['4268475', '4268565', 'Grodzinski', 'B']": 0.9999965098250987, "['4268475', '4264523', 'Grodzinski', 'B']": 0.9999965098250987, "['4268475', '4271140', 'Grodzinski', 'B']": 0.9999965098377753, "['4268475', '4265645', 'Grodzinski', 'B']": 0.9999965098250987, "['4268532', '4278270', 'Grodzinski', 'B']": 0.9999965098250987, "['4268532', '4268995', 'Grodzinski', 'B']": 0.9999784439217422, "['4268532', '23371902', 'Grodzinski', 'B']": 0.9955264653303394, "['4268532', '23372380', 'Grodzinski', 'B']": 0.9956258327953988, "['4268532', '4267890', 'Grodzinski', 'B']": 0.9999784296939671, "['4268532', '23373962', 'Grodzinski', 'B']": 0.9999965098370568, "['4268532', '4274849', 'Grodzinski', 'B']": 0.9999965192433974, "['4268532', '4272039', 'Grodzinski', 'B']": 0.9999965166721709, "['4268532', '4277148', 'Grodzinski', 'B']": 0.9999965098250987, "['4268532', '4263537', 'Grodzinski', 'B']": 0.997841460282964, "['4268532', '23371691', 'Grodzinski', 'B']": 0.9956258327953988, "['4268532', '4268080', 'Grodzinski', 'B']": 0.9999965098250987, "['4268532', '4278870', 'Grodzinski', 'B']": 0.9999965098250987, "['4268532', '4262085', 'Grodzinski', 'B']": 0.997841452459771, "['4268532', '4268565', 'Grodzinski', 'B']": 0.9999965192433974, "['4268532', '4264523', 'Grodzinski', 'B']": 0.9999965098377753, "['4268532', '4271140', 'Grodzinski', 'B']": 0.9999965098250987, "['4268532', '4265645', 'Grodzinski', 'B']": 0.9999965098250987, "['4278270', '4268995', 'Grodzinski', 'B']": 0.999907663854777, "['4278270', '23371902', 'Grodzinski', 'B']": 0.9955285059876456, "['4278270', '23372380', 'Grodzinski', 'B']": 0.9955276814775021, "['4278270', '4267890', 'Grodzinski', 'B']": 0.9999362619358958, "['4278270', '23373962', 'Grodzinski', 'B']": 0.9999964279257039, "['4278270', '4274849', 'Grodzinski', 'B']": 0.9999965098250987, "['4278270', '4272039', 'Grodzinski', 'B']": 0.9999965166721709, "['4278270', '4277148', 'Grodzinski', 'B']": 0.9999965192433974, "['4278270', '4263537', 'Grodzinski', 'B']": 0.997841452459771, "['4278270', '23371691', 'Grodzinski', 'B']": 0.9955276814775021, "['4278270', '4268080', 'Grodzinski', 'B']": 0.9999965098250987, "['4278270', '4278870', 'Grodzinski', 'B']": 0.9999965166753251, "['4278270', '4262085', 'Grodzinski', 'B']": 0.997841452459771, "['4278270', '4268565', 'Grodzinski', 'B']": 0.9999965098250987, "['4278270', '4264523', 'Grodzinski', 'B']": 0.9999965098250987, "['4278270', '4271140', 'Grodzinski', 'B']": 0.9999965166753251, "['4278270', '4265645', 'Grodzinski', 'B']": 0.9999965098250987, "['4268995', '23371902', 'Grodzinski', 'B']": 0.9915314679772674, "['4268995', '23372380', 'Grodzinski', 'B']": 0.9846967877189357, "['4268995', '4267890', 'Grodzinski', 'B']": 0.9998042095349934, "['4268995', '23373962', 'Grodzinski', 'B']": 0.9997129452710168, "['4268995', '4274849', 'Grodzinski', 'B']": 0.9999784439217422, "['4268995', '4272039', 'Grodzinski', 'B']": 0.9999784296939671, "['4268995', '4277148', 'Grodzinski', 'B']": 0.9999928611033438, "['4268995', '4263537', 'Grodzinski', 'B']": 0.9584375008563137, "['4268995', '23371691', 'Grodzinski', 'B']": 0.984696961911614, "['4268995', '4268080', 'Grodzinski', 'B']": 0.9999928658126142, "['4268995', '4278870', 'Grodzinski', 'B']": 0.9999784296898157, "['4268995', '4262085', 'Grodzinski', 'B']": 0.987478027889141, "['4268995', '4268565', 'Grodzinski', 'B']": 0.9999362198661078, "['4268995', '4264523', 'Grodzinski', 'B']": 0.9999784439217422, "['4268995', '4271140', 'Grodzinski', 'B']": 0.999907663854777, "['4268995', '4265645', 'Grodzinski', 'B']": 0.999978090888771, "['23371902', '23372380', 'Grodzinski', 'B']": 0.9999586492423742, "['23371902', '4267890', 'Grodzinski', 'B']": 0.9846943709394543, "['23371902', '23373962', 'Grodzinski', 'B']": 0.9956333026398844, "['23371902', '4274849', 'Grodzinski', 'B']": 0.9955264653303394, "['23371902', '4272039', 'Grodzinski', 'B']": 0.9956258327953988, "['23371902', '4277148', 'Grodzinski', 'B']": 0.995625425955986, "['23371902', '4263537', 'Grodzinski', 'B']": 0.9999634796920039, "['23371902', '23371691', 'Grodzinski', 'B']": 0.9999551088759943, "['23371902', '4268080', 'Grodzinski', 'B']": 0.9955260495333754, "['23371902', '4278870', 'Grodzinski', 'B']": 0.9956258617904117, "['23371902', '4262085', 'Grodzinski', 'B']": 0.9999541322359119, "['23371902', '4268565', 'Grodzinski', 'B']": 0.9956270517300595, "['23371902', '4264523', 'Grodzinski', 'B']": 0.9955264653303394, "['23371902', '4271140', 'Grodzinski', 'B']": 0.9955285059876456, "['23371902', '4265645', 'Grodzinski', 'B']": 0.9979920645827869, "['23372380', '4267890', 'Grodzinski', 'B']": 0.9934123405084809, "['23372380', '23373962', 'Grodzinski', 'B']": 0.9956333180038858, "['23372380', '4274849', 'Grodzinski', 'B']": 0.9955276814775021, "['23372380', '4272039', 'Grodzinski', 'B']": 0.995625425955986, "['23372380', '4277148', 'Grodzinski', 'B']": 0.9956340491202289, "['23372380', '4263537', 'Grodzinski', 'B']": 0.9999541322359119, "['23372380', '23371691', 'Grodzinski', 'B']": 0.9999761349358531, "['23372380', '4268080', 'Grodzinski', 'B']": 0.9956258327953988, "['23372380', '4278870', 'Grodzinski', 'B']": 0.9956258327953988, "['23372380', '4262085', 'Grodzinski', 'B']": 0.9999541322359119, "['23372380', '4268565', 'Grodzinski', 'B']": 0.9956254527842928, "['23372380', '4264523', 'Grodzinski', 'B']": 0.9955264653303394, "['23372380', '4271140', 'Grodzinski', 'B']": 0.9955264653303394, "['23372380', '4265645', 'Grodzinski', 'B']": 0.9956258617904117, "['4267890', '23373962', 'Grodzinski', 'B']": 0.9997129452563809, "['4267890', '4274849', 'Grodzinski', 'B']": 0.9999362619358958, "['4267890', '4272039', 'Grodzinski', 'B']": 0.999992863457979,