{"13": 4553.157286472228, "7": 439.91857840311394, "1": 1.1379173973633343, "3": 11.247546164717628, "6": 195.1783574361269, "5": 77.90378202846054, "10": 2537.1970737749284, "0": 0.8036603320137805, "8": 841.3959148319182, "11": 4215.886376363175, "9": 1511.3952659261981, "12": 2220.3668248846056, "14": 3541.3445561450667, "2": 4.153141579860904, "4": 29.99466735325674}